[Licensing::Module] Trying to connect to existing licensing client channel...
Built from '6000.3/staging' branch; Version is '6000.3.12f1 (fca03ac9b0d5) revision 16556090'; Using compiler version '194234433'; Build Type 'Release'
OS: 'Windows 11  (10.0.26200) Professional' Language: 'ja' Physical Memory: 32486 MB
[Licensing::IpcConnector] Successfully connected to: "LicenseClient-student" at "2026-09-15T01:46:10.8599278Z"
BatchMode: 1, IsHumanControllingUs: 0, StartBugReporterOnCrash: 0, Is64bit: 1
System  architecture: x64
Process architecture: x64
Date: 2026-09-15T01:46:10Z

COMMAND LINE ARGUMENTS:
C:\Program Files\Unity\Hub\Editor\6000.3.12f1\Editor\Unity.exe
-adb2
-batchMode
-noUpm
-name
AssetImportWorker8
-projectPath
D:/Unity/Zombie/Zombie1
-logFile
Logs/AssetImportWorker8.log
-srvPort
53181
-licensingIpc
LicenseClient-student
-job-worker-count
11
-background-job-worker-count
8
-gc-helper-count
1
-name
AssetImport
Successfully changed project path to: D:/Unity/Zombie/Zombie1
D:/Unity/Zombie/Zombie1
[UnityMemory] Configuration Parameters - Can be set up in boot.config
    "memorysetup-temp-allocator-size-nav-mesh-worker=65536"
    "memorysetup-temp-allocator-size-audio-worker=65536"
    "memorysetup-temp-allocator-size-gfx=262144"
    "memorysetup-allocator-temp-initial-block-size-main=262144"
    "memorysetup-allocator-temp-initial-block-size-worker=262144"
    "memorysetup-temp-allocator-size-background-worker=32768"
    "memorysetup-temp-allocator-size-job-worker=262144"
    "memorysetup-temp-allocator-size-preload-manager=33554432"
    "memorysetup-temp-allocator-size-gi-baking-worker=262144"
    "memorysetup-temp-allocator-size-gi-baking-worker=262144"
    "memorysetup-temp-allocator-size-gi-baking-worker=262144"
    "memorysetup-temp-allocator-size-gi-baking-worker=262144"
    "memorysetup-temp-allocator-size-gi-baking-worker=262144"
    "memorysetup-bucket-allocator-granularity=16"
    "memorysetup-bucket-allocator-bucket-count=8"
    "memorysetup-bucket-allocator-block-size=33554432"
    "memorysetup-bucket-allocator-block-count=8"
    "memorysetup-main-allocator-block-size=16777216"
    "memorysetup-thread-allocator-block-size=16777216"
    "memorysetup-gfx-main-allocator-block-size=16777216"
    "memorysetup-gfx-thread-allocator-block-size=16777216"
    "memorysetup-cache-allocator-block-size=4194304"
    "memorysetup-typetree-allocator-block-size=2097152"
    "memorysetup-profiler-bucket-allocator-granularity=16"
    "memorysetup-profiler-bucket-allocator-bucket-count=8"
    "memorysetup-profiler-bucket-allocator-block-size=33554432"
    "memorysetup-profiler-bucket-allocator-block-count=8"
    "memorysetup-profiler-allocator-block-size=16777216"
    "memorysetup-profiler-editor-allocator-block-size=1048576"
    "memorysetup-temp-allocator-size-main=16777216"
    "memorysetup-job-temp-allocator-block-size=2097152"
    "memorysetup-job-temp-allocator-block-size-background=1048576"
    "memorysetup-job-temp-allocator-reduction-small-platforms=262144"
    "memorysetup-temp-allocator-size-cloud-worker=32768"
Player connection [41204]  Target information:

Player connection [41204]  * "[IP] 10.219.32.101 [Port] 0 [Flags] 2 [Guid] 459964602 [EditorId] 459964602 [Version] 1048832 [Id] WindowsEditor(7,KIC-GAME-B-01) [Debug] 1 [PackageName] WindowsEditor [ProjectName] Editor" 

Player connection [41204] Host joined multi-casting on [225.0.0.222:54997]...
Player connection [41204] Host joined alternative multi-casting on [225.0.0.222:34997]...
JobSystem: Creating JobQueue using job-worker-count value 11
Input System module state changed to: Initialized.
[Physics::Module] Initialized fallback backend.
[Physics::Module] Id: 0xdecafbad
Library Redirect Path: Library/
[Physics::Module] Selected backend.
[Physics::Module] Name: PhysX
[Physics::Module] Id: 0xf2b8ea05
[Physics::Module] SDK Version: 4.1.2
[Physics::Module] Integration Version: 1.0.0
[Physics::Module] Threading Mode: Multi-Threaded
Refreshing native plugins compatible for Editor in 1.27 ms, found 3 plugins.
Preloading 0 native plugins for Editor in 0.00 ms.
Initialize engine version: 6000.3.12f1 (fca03ac9b0d5)
[Subsystems] Discovering subsystems at path C:/Program Files/Unity/Hub/Editor/6000.3.12f1/Editor/Data/Resources/UnitySubsystems
[Subsystems] Discovering subsystems at path D:/Unity/Zombie/Zombie1/Assets
GfxDevice: creating device client; kGfxThreadingModeNonThreaded
Direct3D:
    Version:  Direct3D 11.0 [level 11.1]
    Renderer: NVIDIA GeForce RTX 4060 Ti (ID=0x2803)
    Vendor:   NVIDIA
    VRAM:     7949 MB
    Driver:   32.0.16.1060
Initialize mono
Mono path[0] = 'C:/Program Files/Unity/Hub/Editor/6000.3.12f1/Editor/Data/Managed'
Mono path[1] = 'C:/Program Files/Unity/Hub/Editor/6000.3.12f1/Editor/Data/MonoBleedingEdge/lib/mono/unityjit-win32'
Mono config path = 'C:/Program Files/Unity/Hub/Editor/6000.3.12f1/Editor/Data/MonoBleedingEdge/etc'
Using monoOptions --debugger-agent=transport=dt_socket,embedding=1,server=y,suspend=n,address=127.0.0.1:56196
Begin MonoManager ReloadAssembly
Registering precompiled unity dll's ...
Register platform support module: C:/Program Files/Unity/Hub/Editor/6000.3.12f1/Editor/Data/PlaybackEngines/WindowsStandaloneSupport/UnityEditor.WindowsStandalone.Extensions.dll
Registered in 0.000913 seconds.
- Loaded All Assemblies, in  0.268 seconds
Native extension for WindowsStandalone target not found
Package Manager log level set to [2]
[Package Manager] Failed to launch server process. Reason: Unity was launched with the -noUpm command-line argument
[Package Manager] Unable to send message (not connected to server process).
[Package Manager] Cannot connect to Unity Package Manager local server
ScheduleIndexationOnStartup MainProcess:False IndexOnStartup:True
Mono: successfully reloaded assembly
- Finished resetting the current domain, in  0.265 seconds
Domain Reload Profiling: 532ms
	BeginReloadAssembly (88ms)
		ExecutionOrderSort (0ms)
		DisableScriptedObjects (0ms)
		BackupInstance (0ms)
		ReleaseScriptingObjects (0ms)
		CreateAndSetChildDomain (1ms)
	RebuildCommonClasses (24ms)
	RebuildNativeTypeToScriptingClass (8ms)
	initialDomainReloadingComplete (30ms)
	LoadAllAssembliesAndSetupDomain (116ms)
		LoadAssemblies (86ms)
		RebuildTransferFunctionScriptingTraits (0ms)
		AnalyzeDomain (114ms)
			TypeCache.Refresh (112ms)
				TypeCache.ScanAssembly (103ms)
			BuildScriptInfoCaches (0ms)
			ResolveRequiredComponents (0ms)
	FinalizeReload (265ms)
		ReleaseScriptCaches (0ms)
		RebuildScriptCaches (0ms)
		SetupLoadedEditorAssemblies (234ms)
			LogAssemblyErrors (0ms)
			InitializePlatformSupportModulesInManaged (30ms)
			SetLoadedEditorAssemblies (3ms)
			BeforeProcessingInitializeOnLoad (58ms)
			ProcessInitializeOnLoadAttributes (92ms)
			ProcessInitializeOnLoadMethodAttributes (51ms)
			AfterProcessingInitializeOnLoad (0ms)
			EditorAssembliesLoaded (0ms)
		ExecutionOrderSort2 (0ms)
		AwakeInstancesAfterBackupRestoration (0ms)
========================================================================
Worker process is ready to serve import requests
Import Worker Mode flag is 0x00
Begin MonoManager ReloadAssembly
[Licensing::Module] Licensing is not yet initialized.
[Licensing::Client] Error: HandshakeResponse reported an error:
	ResponseCode: 505
	ResponseStatus: Unsupported protocol version '1.18.1'.
[Licensing::Module] Error: Failed to handshake to channel: "LicenseClient-student"
[Licensing::IpcConnector] LicenseClient-student channel disconnected successfully.
[Licensing::IpcConnector] Successfully connected to: "LicenseClient-student-6000.3.12" at "2026-09-15T01:46:12.2715751Z"
[Licensing::Client] Handshaking with LicensingClient:
  Version:                 1.18.1+9fbee8e
  Session Id:              dff4ac604e4340f18e81f534ca840993
  Correlation Id:          3c5c5d5f58dc2dfe39d724d5b65f9f51
  External correlation Id: 6925965723244459139
  Machine Id:              BxkKmU+zEgoMR5lg/hcjBDGvBeg=
[Licensing::Module] Successfully connected to LicensingClient on channel: "LicenseClient-student-6000.3.12" (connect: 0.00s, validation: 0.00s, handshake: 1.37s)
[Licensing::IpcConnector] Successfully connected to: "LicenseClient-student-6000.3.12-notifications" at "2026-09-15T01:46:13.6407329Z"
[Licensing::Module] Licensing Background thread has ended after 2.78s
[Licensing::Module] Licensing is initialized (took 1.64s).
[Licensing::Client] Successfully resolved entitlement details
[Licensing::Module] License group:
  Id: E4-X4M8-VCNJ-QEXC-2ZJK-XXXX
  Product: Unity Education
  Type: ULF
  Expiration: 2027-07-07T21:45:02Z
[Licensing::Module] License group:
  Id: 15669557604337-UnityPersXXXX
  Product: Unity Personal
  Type: Assigned
  Expiration: Unlimited
- Loaded All Assemblies, in  2.147 seconds
Refreshing native plugins compatible for Editor in 0.40 ms, found 3 plugins.
Native extension for WindowsStandalone target not found
[Package Manager] Failed to launch server process. Reason: Unity was launched with the -noUpm command-line argument
[Package Manager] Unable to send message (not connected to server process).
[Package Manager] Cannot connect to Unity Package Manager local server
[Package Manager] Failed to launch server process. Reason: Unity was launched with the -noUpm command-line argument
[Package Manager] Unable to send message (not connected to server process).
[Package Manager] Cannot connect to Unity Package Manager local server
ScheduleIndexationOnStartup MainProcess:False IndexOnStartup:True
Mono: successfully reloaded assembly
- Finished resetting the current domain, in  0.479 seconds
Domain Reload Profiling: 2624ms
	BeginReloadAssembly (1759ms)
		ExecutionOrderSort (0ms)
		DisableScriptedObjects (4ms)
		BackupInstance (0ms)
		ReleaseScriptingObjects (0ms)
		CreateAndSetChildDomain (18ms)
	RebuildCommonClasses (24ms)
	RebuildNativeTypeToScriptingClass (8ms)
	initialDomainReloadingComplete (25ms)
	LoadAllAssembliesAndSetupDomain (327ms)
		LoadAssemblies (234ms)
		RebuildTransferFunctionScriptingTraits (0ms)
		AnalyzeDomain (164ms)
			TypeCache.Refresh (116ms)
				TypeCache.ScanAssembly (106ms)
			BuildScriptInfoCaches (38ms)
			ResolveRequiredComponents (7ms)
	FinalizeReload (479ms)
		ReleaseScriptCaches (0ms)
		RebuildScriptCaches (0ms)
		SetupLoadedEditorAssemblies (352ms)
			LogAssemblyErrors (0ms)
			InitializePlatformSupportModulesInManaged (1ms)
			SetLoadedEditorAssemblies (3ms)
			BeforeProcessingInitializeOnLoad (83ms)
			ProcessInitializeOnLoadAttributes (219ms)
			ProcessInitializeOnLoadMethodAttributes (42ms)
			AfterProcessingInitializeOnLoad (4ms)
			EditorAssembliesLoaded (0ms)
		ExecutionOrderSort2 (0ms)
		AwakeInstancesAfterBackupRestoration (4ms)
Launched and connected shader compiler UnityShaderCompiler.exe after 0.01 seconds
Refreshing native plugins compatible for Editor in 0.45 ms, found 3 plugins.
Preloading 0 native plugins for Editor in 0.00 ms.
Unloading 16 Unused Serialized files (Serialized files now loaded: 0)
Unloading 6194 unused Assets / (4.1 MB). Loaded Objects now: 6994.
Memory consumption went from 149.5 MB to 145.4 MB.
Total: 5.201500 ms (FindLiveObjects: 0.413300 ms CreateObjectMapping: 0.232400 ms MarkObjects: 3.211100 ms  DeleteObjects: 1.343700 ms)

========================================================================
Received Import Request.
  Time since last request: 497237.273831 seconds.
  path: Assets/POLYGON weapons/Assets_official/FBXTexMat/POLYGON weapons pack/Blast_set/Blast_set.png
  artifactKey: Guid(260918ca9dcd37546ab1a7af8f0abd8f) Importer(815301076,1909f56bfc062723c751e8b465ee728b)
Start importing Assets/POLYGON weapons/Assets_official/FBXTexMat/POLYGON weapons pack/Blast_set/Blast_set.png using Guid(260918ca9dcd37546ab1a7af8f0abd8f) Importer(815301076,1909f56bfc062723c751e8b465ee728b) (PreviewImporter) -> (artifact id: '052fa52f0cfc59172d13a576e15f900e') in 0.0618592 seconds
Number of updated asset objects reloaded before import = 0Number of asset objects unloaded after import = 2

========================================================================
Received Import Request.
  Time since last request: 8.102415 seconds.
  path: Assets/POLYGON weapons/Assets_official/FBXTexMat/POLYGON weapons pack/bullet_shells_fbxTexMat/5,56x45.png
  artifactKey: Guid(15555a5c3723c0a49b39dc3cf1892711) Importer(815301076,1909f56bfc062723c751e8b465ee728b)
Start importing Assets/POLYGON weapons/Assets_official/FBXTexMat/POLYGON weapons pack/bullet_shells_fbxTexMat/5,56x45.png using Guid(15555a5c3723c0a49b39dc3cf1892711) Importer(815301076,1909f56bfc062723c751e8b465ee728b) (PreviewImporter) -> (artifact id: 'a38fabf27bc64f5d5721ae0b81e9583e') in 0.0633374 seconds
Number of updated asset objects reloaded before import = 0Number of asset objects unloaded after import = 2

========================================================================
Received Import Request.
  Time since last request: 0.000022 seconds.
  path: Assets/POLYGON weapons/Assets_official/FBXTexMat/POLYGON weapons pack/bullet_shells_fbxTexMat/magnum.png
  artifactKey: Guid(144b60e6fdf147046b581b57aa0d4f8a) Importer(815301076,1909f56bfc062723c751e8b465ee728b)
Start importing Assets/POLYGON weapons/Assets_official/FBXTexMat/POLYGON weapons pack/bullet_shells_fbxTexMat/magnum.png using Guid(144b60e6fdf147046b581b57aa0d4f8a) Importer(815301076,1909f56bfc062723c751e8b465ee728b) (PreviewImporter) -> (artifact id: '0bb7940386f1732dd102e7e3859fbc88') in 0.0463994 seconds
Number of updated asset objects reloaded before import = 0Number of asset objects unloaded after import = 2

========================================================================
Received Import Request.
  Time since last request: 0.000022 seconds.
  path: Assets/POLYGON weapons/Assets_official/FBXTexMat/POLYGON weapons pack/bullet_shells_fbxTexMat/12gauge.fbx
  artifactKey: Guid(0cbcca22d5c10a24b977bba0abad2358) Importer(815301076,1909f56bfc062723c751e8b465ee728b)
Start importing Assets/POLYGON weapons/Assets_official/FBXTexMat/POLYGON weapons pack/bullet_shells_fbxTexMat/12gauge.fbx using Guid(0cbcca22d5c10a24b977bba0abad2358) Importer(815301076,1909f56bfc062723c751e8b465ee728b) (PreviewImporter) -> (artifact id: '9152274c707722d7ec11e1b02e8860e6') in 0.3697416 seconds
Number of updated asset objects reloaded before import = 0Number of asset objects unloaded after import = 9

========================================================================
Received Import Request.
  Time since last request: 9.875872 seconds.
  path: Assets/POLYGON weapons/Assets_official/FBXTexMat/POLYGON weapons pack/ClusterShotgun/ClusterShotgun.png
  artifactKey: Guid(387bfcaefe489d946929057ad06c97d3) Importer(815301076,1909f56bfc062723c751e8b465ee728b)
Start importing Assets/POLYGON weapons/Assets_official/FBXTexMat/POLYGON weapons pack/ClusterShotgun/ClusterShotgun.png using Guid(387bfcaefe489d946929057ad06c97d3) Importer(815301076,1909f56bfc062723c751e8b465ee728b) (PreviewImporter) -> (artifact id: '06323fd11cd2e4f393fcff1dc22ccd37') in 0.0964876 seconds
Number of updated asset objects reloaded before import = 0Number of asset objects unloaded after import = 2

========================================================================
Received Import Request.
  Time since last request: 5.555332 seconds.
  path: Assets/POLYGON weapons/Assets_official/FBXTexMat/POLYGON weapons pack/ClusterSub/ClusterSub.png
  artifactKey: Guid(7d509160ddff641409dde36ccfb5dd9c) Importer(815301076,1909f56bfc062723c751e8b465ee728b)
Start importing Assets/POLYGON weapons/Assets_official/FBXTexMat/POLYGON weapons pack/ClusterSub/ClusterSub.png using Guid(7d509160ddff641409dde36ccfb5dd9c) Importer(815301076,1909f56bfc062723c751e8b465ee728b) (PreviewImporter) -> (artifact id: '6817023fe70dc794585be42bab8edd4d') in 0.0173328 seconds
Number of updated asset objects reloaded before import = 0Number of asset objects unloaded after import = 2

========================================================================
Received Import Request.
  Time since last request: 11.772705 seconds.
  path: Assets/POLYGON weapons/Assets_official/FBXTexMat/POLYGON weapons pack/grenade_launcher/grenade_launcher_a.png
  artifactKey: Guid(4483b10c0e329e34f8ba4698067cd1de) Importer(2089858483,b0f066a214c2f5e87bad3c948f4d605d)
Start importing Assets/POLYGON weapons/Assets_official/FBXTexMat/POLYGON weapons pack/grenade_launcher/grenade_launcher_a.png using Guid(4483b10c0e329e34f8ba4698067cd1de) Importer(2089858483,b0f066a214c2f5e87bad3c948f4d605d) (ScriptedImporter) -> (artifact id: 'ffe2b5ae49646e22340c63a0b811ab6b') in 0.0902811 seconds
Number of updated asset objects reloaded before import = 0Number of asset objects unloaded after import = 1

========================================================================
Received Import Request.
  Time since last request: 0.000028 seconds.
  path: Assets/POLYGON weapons/Assets_official/FBXTexMat/POLYGON weapons pack/bullet_shells_fbxTexMat/5,56x45.mat
  artifactKey: Guid(3ab8d1c1e1a5163439785ec9ebe8aedb) Importer(2089858483,b0f066a214c2f5e87bad3c948f4d605d)
Start importing Assets/POLYGON weapons/Assets_official/FBXTexMat/POLYGON weapons pack/bullet_shells_fbxTexMat/5,56x45.mat using Guid(3ab8d1c1e1a5163439785ec9ebe8aedb) Importer(2089858483,b0f066a214c2f5e87bad3c948f4d605d) (ScriptedImporter) -> (artifact id: '220c857d49c416d737cff10c58a2f316') in 0.0146553 seconds
Number of updated asset objects reloaded before import = 0Number of asset objects unloaded after import = 2

========================================================================
Received Import Request.
  Time since last request: 0.000028 seconds.
  path: Assets/POLYGON weapons/Assets_official/FBXTexMat/POLYGON weapons pack/equipment_mats/suppressor_d/suppressor_d.fbx
  artifactKey: Guid(15bf41351815fb344ac263b4819d0584) Importer(2089858483,b0f066a214c2f5e87bad3c948f4d605d)
Start importing Assets/POLYGON weapons/Assets_official/FBXTexMat/POLYGON weapons pack/equipment_mats/suppressor_d/suppressor_d.fbx using Guid(15bf41351815fb344ac263b4819d0584) Importer(2089858483,b0f066a214c2f5e87bad3c948f4d605d) (ScriptedImporter) -> (artifact id: '9f4b920ed15a8c13041f1803d88a956b') in 0.0404219 seconds
Number of updated asset objects reloaded before import = 0Number of asset objects unloaded after import = 9

========================================================================
Received Import Request.
  Time since last request: 0.000022 seconds.
  path: Assets/POLYGON weapons/Assets_official/FBXTexMat/POLYGON weapons pack/Submachine5
  artifactKey: Guid(0acfae532c95f434ba89ac16dd23fcc8) Importer(2089858483,b0f066a214c2f5e87bad3c948f4d605d)
Start importing Assets/POLYGON weapons/Assets_official/FBXTexMat/POLYGON weapons pack/Submachine5 using Guid(0acfae532c95f434ba89ac16dd23fcc8) Importer(2089858483,b0f066a214c2f5e87bad3c948f4d605d) (ScriptedImporter) -> (artifact id: 'ce9f0da6cee8e0599f9a1aecc7ee14f2') in 0.0069762 seconds
Number of updated asset objects reloaded before import = 0Number of asset objects unloaded after import = 1

========================================================================
Received Import Request.
  Time since last request: 0.000015 seconds.
  path: Assets/POLYGON weapons/Show_scene_unofficial/Show_scene_no_assets_prefab.prefab
  artifactKey: Guid(7148fcb279ccc70488e5f662ce0b36d0) Importer(2089858483,b0f066a214c2f5e87bad3c948f4d605d)
Start importing Assets/POLYGON weapons/Show_scene_unofficial/Show_scene_no_assets_prefab.prefab using Guid(7148fcb279ccc70488e5f662ce0b36d0) Importer(2089858483,b0f066a214c2f5e87bad3c948f4d605d) (ScriptedImporter) -> (artifact id: 'f6a637b5f4abc4fe598c0d07680b0fff') in 0.0157062 seconds
Number of updated asset objects reloaded before import = 0Number of asset objects unloaded after import = 74

========================================================================
Received Import Request.
  Time since last request: 0.000021 seconds.
  path: Assets/POLYGON weapons/Assets_official/FBXTexMat/POLYGON weapons pack/equipment_mats/lamp_laser_a
  artifactKey: Guid(9df345640c746c24695ce3581628981b) Importer(2089858483,b0f066a214c2f5e87bad3c948f4d605d)
Start importing Assets/POLYGON weapons/Assets_official/FBXTexMat/POLYGON weapons pack/equipment_mats/lamp_laser_a using Guid(9df345640c746c24695ce3581628981b) Importer(2089858483,b0f066a214c2f5e87bad3c948f4d605d) (ScriptedImporter) -> (artifact id: '83c28ced8981984cc392a7fd0d4121d1') in 0.0069244 seconds
Number of updated asset objects reloaded before import = 0Number of asset objects unloaded after import = 1

========================================================================
Received Import Request.
  Time since last request: 0.000015 seconds.
  path: Assets/POLYGON weapons/Assets_official/FBXTexMat/POLYGON weapons pack/bullet_shells_fbxTexMat/7,62x54.png
  artifactKey: Guid(fdfa6b341da5d0f478122db979a21d2d) Importer(2089858483,b0f066a214c2f5e87bad3c948f4d605d)
Start importing Assets/POLYGON weapons/Assets_official/FBXTexMat/POLYGON weapons pack/bullet_shells_fbxTexMat/7,62x54.png using Guid(fdfa6b341da5d0f478122db979a21d2d) Importer(2089858483,b0f066a214c2f5e87bad3c948f4d605d) (ScriptedImporter) -> (artifact id: '98430ef0092bdb695c86f4ff376f9168') in 0.0103402 seconds
Number of updated asset objects reloaded before import = 0Number of asset objects unloaded after import = 1

========================================================================
Received Import Request.
  Time since last request: 0.000015 seconds.
  path: Assets/POLYGON weapons/Assets_official/FBXTexMat/POLYGON weapons pack/Shotgun3/Shotgun3.mat
  artifactKey: Guid(623413df46acda248ab2e4ddb9f773cc) Importer(2089858483,b0f066a214c2f5e87bad3c948f4d605d)
Start importing Assets/POLYGON weapons/Assets_official/FBXTexMat/POLYGON weapons pack/Shotgun3/Shotgun3.mat using Guid(623413df46acda248ab2e4ddb9f773cc) Importer(2089858483,b0f066a214c2f5e87bad3c948f4d605d) (ScriptedImporter) -> (artifact id: '204a5e62fc5896e1d5cce98e6e8611b0') in 0.0101596 seconds
Number of updated asset objects reloaded before import = 0Number of asset objects unloaded after import = 2

========================================================================
Received Import Request.
  Time since last request: 0.000023 seconds.
  path: Assets/POLYGON weapons/Assets_official/RP9_prefab.prefab
  artifactKey: Guid(e59fe41cdd642644d89924458332f3a2) Importer(2089858483,b0f066a214c2f5e87bad3c948f4d605d)
Start importing Assets/POLYGON weapons/Assets_official/RP9_prefab.prefab using Guid(e59fe41cdd642644d89924458332f3a2) Importer(2089858483,b0f066a214c2f5e87bad3c948f4d605d) (ScriptedImporter) -> (artifact id: 'e34c9eef56f6742672e3b386db1f74e2') in 0.0164573 seconds
Number of updated asset objects reloaded before import = 0Number of asset objects unloaded after import = 241

========================================================================
Received Import Request.
  Time since last request: 0.000028 seconds.
  path: Assets/POLYGON weapons/Assets_official/FBXTexMat/POLYGON weapons pack/equipment_mats/Scope_b/scope_b.png
  artifactKey: Guid(feeb4ec4244aba242a58e1d5d2a959c3) Importer(2089858483,b0f066a214c2f5e87bad3c948f4d605d)
Start importing Assets/POLYGON weapons/Assets_official/FBXTexMat/POLYGON weapons pack/equipment_mats/Scope_b/scope_b.png using Guid(feeb4ec4244aba242a58e1d5d2a959c3) Importer(2089858483,b0f066a214c2f5e87bad3c948f4d605d) (ScriptedImporter) -> (artifact id: '567078697f0e33ab404df8b15604f076') in 0.0122166 seconds
Number of updated asset objects reloaded before import = 0Number of asset objects unloaded after import = 1

========================================================================
Received Import Request.
  Time since last request: 0.000024 seconds.
  path: Assets/POLYGON weapons/Assets_official/FBXTexMat/POLYGON weapons pack/ClusterSub/ClusterSub.png
  artifactKey: Guid(7d509160ddff641409dde36ccfb5dd9c) Importer(2089858483,b0f066a214c2f5e87bad3c948f4d605d)
Start importing Assets/POLYGON weapons/Assets_official/FBXTexMat/POLYGON weapons pack/ClusterSub/ClusterSub.png using Guid(7d509160ddff641409dde36ccfb5dd9c) Importer(2089858483,b0f066a214c2f5e87bad3c948f4d605d) (ScriptedImporter) -> (artifact id: 'f4c4797821c547039542b9653915c947') in 0.0112148 seconds
Number of updated asset objects reloaded before import = 0Number of asset objects unloaded after import = 1

========================================================================
Received Import Request.
  Time since last request: 0.000019 seconds.
  path: Assets/POLYGON weapons/Assets_official/FBXTexMat/POLYGON weapons pack/Pistol9/Pistol9_b.png
  artifactKey: Guid(96dca0feb1ff28e4293315806607b494) Importer(2089858483,b0f066a214c2f5e87bad3c948f4d605d)
Start importing Assets/POLYGON weapons/Assets_official/FBXTexMat/POLYGON weapons pack/Pistol9/Pistol9_b.png using Guid(96dca0feb1ff28e4293315806607b494) Importer(2089858483,b0f066a214c2f5e87bad3c948f4d605d) (ScriptedImporter) -> (artifact id: '134aae08a87307fced3b058182c06d09') in 0.0106942 seconds
Number of updated asset objects reloaded before import = 0Number of asset objects unloaded after import = 1

========================================================================
Received Import Request.
  Time since last request: 0.000015 seconds.
  path: Assets/POLYGON weapons/Assets_official/FBXTexMat/POLYGON weapons pack/bullet_shells_fbxTexMat/5,56x45.png
  artifactKey: Guid(15555a5c3723c0a49b39dc3cf1892711) Importer(2089858483,b0f066a214c2f5e87bad3c948f4d605d)
Start importing Assets/POLYGON weapons/Assets_official/FBXTexMat/POLYGON weapons pack/bullet_shells_fbxTexMat/5,56x45.png using Guid(15555a5c3723c0a49b39dc3cf1892711) Importer(2089858483,b0f066a214c2f5e87bad3c948f4d605d) (ScriptedImporter) -> (artifact id: 'aff3037591938d6a5ae97f5c795669ca') in 0.0107556 seconds
Number of updated asset objects reloaded before import = 0Number of asset objects unloaded after import = 1

========================================================================
Received Import Request.
  Time since last request: 0.000015 seconds.
  path: Assets/POLYGON weapons/Assets_official/FBXTexMat/POLYGON weapons pack/Russian_sniper/Materials
  artifactKey: Guid(5ff969dc520d2e244987ea351a063ad9) Importer(2089858483,b0f066a214c2f5e87bad3c948f4d605d)
Start importing Assets/POLYGON weapons/Assets_official/FBXTexMat/POLYGON weapons pack/Russian_sniper/Materials using Guid(5ff969dc520d2e244987ea351a063ad9) Importer(2089858483,b0f066a214c2f5e87bad3c948f4d605d) (ScriptedImporter) -> (artifact id: '67a6eaabc0333e7c3350688681b69c51') in 0.0064868 seconds
Number of updated asset objects reloaded before import = 0Number of asset objects unloaded after import = 1

========================================================================
Received Import Request.
  Time since last request: 0.000016 seconds.
  path: Assets/POLYGON weapons/Assets_official/FBXTexMat/POLYGON weapons pack/equipment_mats/Dot_green.mat
  artifactKey: Guid(247587cea8c27f944a8705e92088a738) Importer(2089858483,b0f066a214c2f5e87bad3c948f4d605d)
Start importing Assets/POLYGON weapons/Assets_official/FBXTexMat/POLYGON weapons pack/equipment_mats/Dot_green.mat using Guid(247587cea8c27f944a8705e92088a738) Importer(2089858483,b0f066a214c2f5e87bad3c948f4d605d) (ScriptedImporter) -> (artifact id: '44be8cf42be3450d963b0554902f06b1') in 0.0097397 seconds
Number of updated asset objects reloaded before import = 0Number of asset objects unloaded after import = 1

========================================================================
Received Import Request.
  Time since last request: 0.000019 seconds.
  path: Assets/POLYGON weapons/Show_scene_unofficial/Data/cloud.mat
  artifactKey: Guid(ec02dde750a277849b804340cd664e53) Importer(2089858483,b0f066a214c2f5e87bad3c948f4d605d)
Start importing Assets/POLYGON weapons/Show_scene_unofficial/Data/cloud.mat using Guid(ec02dde750a277849b804340cd664e53) Importer(2089858483,b0f066a214c2f5e87bad3c948f4d605d) (ScriptedImporter) -> (artifact id: '61b101b4ae07f2bc467c3208f636a3a8') in 0.0098981 seconds
Number of updated asset objects reloaded before import = 0Number of asset objects unloaded after import = 1

========================================================================
Received Import Request.
  Time since last request: 0.000018 seconds.
  path: Assets/POLYGON weapons/Show_scene_unofficial
  artifactKey: Guid(ed5006e9ed3c34041a83172a29985c23) Importer(2089858483,b0f066a214c2f5e87bad3c948f4d605d)
Start importing Assets/POLYGON weapons/Show_scene_unofficial using Guid(ed5006e9ed3c34041a83172a29985c23) Importer(2089858483,b0f066a214c2f5e87bad3c948f4d605d) (ScriptedImporter) -> (artifact id: '0339318c99da4f86b1b1dcde0e2f66b0') in 0.008413 seconds
Number of updated asset objects reloaded before import = 0Number of asset objects unloaded after import = 1

========================================================================
Received Import Request.
  Time since last request: 0.000024 seconds.
  path: Assets/POLYGON weapons/Assets_official/tarusk_prefab.prefab
  artifactKey: Guid(7d3e4dc4837e80d4dbc1c2f7ce6384a8) Importer(2089858483,b0f066a214c2f5e87bad3c948f4d605d)
Start importing Assets/POLYGON weapons/Assets_official/tarusk_prefab.prefab using Guid(7d3e4dc4837e80d4dbc1c2f7ce6384a8) Importer(2089858483,b0f066a214c2f5e87bad3c948f4d605d) (ScriptedImporter) -> (artifact id: 'c59b8863c2524e7ca164d717a3a3999b') in 0.0137015 seconds
Number of updated asset objects reloaded before import = 0Number of asset objects unloaded after import = 246

========================================================================
Received Import Request.
  Time since last request: 0.000022 seconds.
  path: Assets/POLYGON weapons/Assets_official/FBXTexMat/POLYGON weapons pack/StreetSub/StreetSub_b.mat
  artifactKey: Guid(28e54002134db054185e4059b2941402) Importer(2089858483,b0f066a214c2f5e87bad3c948f4d605d)
Start importing Assets/POLYGON weapons/Assets_official/FBXTexMat/POLYGON weapons pack/StreetSub/StreetSub_b.mat using Guid(28e54002134db054185e4059b2941402) Importer(2089858483,b0f066a214c2f5e87bad3c948f4d605d) (ScriptedImporter) -> (artifact id: 'cccf2f19f2445f2737357eeb6e21ede5') in 0.011402 seconds
Number of updated asset objects reloaded before import = 0Number of asset objects unloaded after import = 2

========================================================================
Received Import Request.
  Time since last request: 0.000017 seconds.
  path: Assets/POLYGON weapons/Assets_official/FBXTexMat/POLYGON weapons pack/tarusk/tarusk_e.mat
  artifactKey: Guid(83cec7c555fdea646b4d5533ab9c4522) Importer(2089858483,b0f066a214c2f5e87bad3c948f4d605d)
Start importing Assets/POLYGON weapons/Assets_official/FBXTexMat/POLYGON weapons pack/tarusk/tarusk_e.mat using Guid(83cec7c555fdea646b4d5533ab9c4522) Importer(2089858483,b0f066a214c2f5e87bad3c948f4d605d) (ScriptedImporter) -> (artifact id: 'ece70cd8ce1753671a5ca682565c2fa3') in 0.008713 seconds
Number of updated asset objects reloaded before import = 0Number of asset objects unloaded after import = 2

========================================================================
Received Import Request.
  Time since last request: 0.000018 seconds.
  path: Assets/POLYGON weapons/Assets_official/FBXTexMat/POLYGON weapons pack/Pistol9/Pistol9_b.mat
  artifactKey: Guid(1810e854418da0e4288ceda908b8b3f1) Importer(2089858483,b0f066a214c2f5e87bad3c948f4d605d)
Start importing Assets/POLYGON weapons/Assets_official/FBXTexMat/POLYGON weapons pack/Pistol9/Pistol9_b.mat using Guid(1810e854418da0e4288ceda908b8b3f1) Importer(2089858483,b0f066a214c2f5e87bad3c948f4d605d) (ScriptedImporter) -> (artifact id: 'a6b70c51e962ca6fadcb9f5f94d4fcd4') in 0.0096017 seconds
Number of updated asset objects reloaded before import = 0Number of asset objects unloaded after import = 2

========================================================================
Received Import Request.
  Time since last request: 0.000018 seconds.
  path: Assets/POLYGON weapons/Assets_official/FBXTexMat/POLYGON weapons pack/equipment_mats/Scope_c
  artifactKey: Guid(bd31c0b385c625446bb0c80e29d06af5) Importer(2089858483,b0f066a214c2f5e87bad3c948f4d605d)
Start importing Assets/POLYGON weapons/Assets_official/FBXTexMat/POLYGON weapons pack/equipment_mats/Scope_c using Guid(bd31c0b385c625446bb0c80e29d06af5) Importer(2089858483,b0f066a214c2f5e87bad3c948f4d605d) (ScriptedImporter) -> (artifact id: '2c815da59004a5938c0bbeac5c43f5f2') in 0.0081947 seconds
Number of updated asset objects reloaded before import = 0Number of asset objects unloaded after import = 1

========================================================================
Received Import Request.
  Time since last request: 0.000016 seconds.
  path: Assets/POLYGON weapons/Assets_official/FBXTexMat/POLYGON weapons pack/equipment_mats/laser_a/laser_a.mat
  artifactKey: Guid(315470e3f9d66c24b8958f00041d0a18) Importer(2089858483,b0f066a214c2f5e87bad3c948f4d605d)
Start importing Assets/POLYGON weapons/Assets_official/FBXTexMat/POLYGON weapons pack/equipment_mats/laser_a/laser_a.mat using Guid(315470e3f9d66c24b8958f00041d0a18) Importer(2089858483,b0f066a214c2f5e87bad3c948f4d605d) (ScriptedImporter) -> (artifact id: '7f85b9a14cafb81312902540d5383648') in 0.0109743 seconds
Number of updated asset objects reloaded before import = 0Number of asset objects unloaded after import = 3

========================================================================
Received Import Request.
  Time since last request: 0.000018 seconds.
  path: Assets/POLYGON weapons/Assets_official/FBXTexMat/POLYGON weapons pack/grenade_launcher/grenade_launcher.fbx
  artifactKey: Guid(255ca986eb3068e488fdf056f3346d71) Importer(2089858483,b0f066a214c2f5e87bad3c948f4d605d)
Start importing Assets/POLYGON weapons/Assets_official/FBXTexMat/POLYGON weapons pack/grenade_launcher/grenade_launcher.fbx using Guid(255ca986eb3068e488fdf056f3346d71) Importer(2089858483,b0f066a214c2f5e87bad3c948f4d605d) (ScriptedImporter) -> (artifact id: '7a79d9ccfe9aa72f405fef5ec6121fbf') in 0.0236874 seconds
Number of updated asset objects reloaded before import = 0Number of asset objects unloaded after import = 97

========================================================================
Received Import Request.
  Time since last request: 0.000019 seconds.
  path: Assets/POLYGON weapons/Assets_official/FBXTexMat/POLYGON weapons pack/Grenade/grenade.png
  artifactKey: Guid(a4aada1e0e540dd489a1d29dcf0a4eb3) Importer(2089858483,b0f066a214c2f5e87bad3c948f4d605d)
Start importing Assets/POLYGON weapons/Assets_official/FBXTexMat/POLYGON weapons pack/Grenade/grenade.png using Guid(a4aada1e0e540dd489a1d29dcf0a4eb3) Importer(2089858483,b0f066a214c2f5e87bad3c948f4d605d) (ScriptedImporter) -> (artifact id: 'b37e809909a86a56104f4cdda4c72899') in 0.010426 seconds
Number of updated asset objects reloaded before import = 0Number of asset objects unloaded after import = 1

========================================================================
Received Import Request.
  Time since last request: 0.000025 seconds.
  path: Assets/POLYGON weapons/Assets_official/bullet_shells_assets/12,7 × 99_prefab.prefab
  artifactKey: Guid(46987e56b43ba3a4e95ca266a6ef248c) Importer(2089858483,b0f066a214c2f5e87bad3c948f4d605d)
Start importing Assets/POLYGON weapons/Assets_official/bullet_shells_assets/12,7 × 99_prefab.prefab using Guid(46987e56b43ba3a4e95ca266a6ef248c) Importer(2089858483,b0f066a214c2f5e87bad3c948f4d605d) (ScriptedImporter) -> (artifact id: 'e456d74a4ead9f2ebe9e752d148fd56e') in 0.0113049 seconds
Number of updated asset objects reloaded before import = 0Number of asset objects unloaded after import = 9

========================================================================
Received Import Request.
  Time since last request: 0.000027 seconds.
  path: Assets/POLYGON weapons/Assets_official/FBXTexMat/POLYGON weapons pack/HunterRifle/HunterRifle_a.png
  artifactKey: Guid(6cc2983959cb54943a73a09affb8d2a6) Importer(2089858483,b0f066a214c2f5e87bad3c948f4d605d)
Start importing Assets/POLYGON weapons/Assets_official/FBXTexMat/POLYGON weapons pack/HunterRifle/HunterRifle_a.png using Guid(6cc2983959cb54943a73a09affb8d2a6) Importer(2089858483,b0f066a214c2f5e87bad3c948f4d605d) (ScriptedImporter) -> (artifact id: '014c48aceda8df39a9c9f80a0248e485') in 0.0110991 seconds
Number of updated asset objects reloaded before import = 0Number of asset objects unloaded after import = 1

========================================================================
Received Import Request.
  Time since last request: 0.000019 seconds.
  path: Assets/POLYGON weapons/Assets_official/FBXTexMat/POLYGON weapons pack/equipment_mats/red_dot_a/red_dot_a.png
  artifactKey: Guid(23540457b3ac5c8409e8942292171873) Importer(2089858483,b0f066a214c2f5e87bad3c948f4d605d)
Start importing Assets/POLYGON weapons/Assets_official/FBXTexMat/POLYGON weapons pack/equipment_mats/red_dot_a/red_dot_a.png using Guid(23540457b3ac5c8409e8942292171873) Importer(2089858483,b0f066a214c2f5e87bad3c948f4d605d) (ScriptedImporter) -> (artifact id: '4eb6c0b16fd596e27ca75a76ca7411e7') in 0.0096419 seconds
Number of updated asset objects reloaded before import = 0Number of asset objects unloaded after import = 1

========================================================================
Received Import Request.
  Time since last request: 0.000015 seconds.
  path: Assets/POLYGON weapons/Show_scene_unofficial/Data/floor.png
  artifactKey: Guid(ebae480830515d143b15e97f196cf8a0) Importer(2089858483,b0f066a214c2f5e87bad3c948f4d605d)
Start importing Assets/POLYGON weapons/Show_scene_unofficial/Data/floor.png using Guid(ebae480830515d143b15e97f196cf8a0) Importer(2089858483,b0f066a214c2f5e87bad3c948f4d605d) (ScriptedImporter) -> (artifact id: '7503c3e08d010f7417c1878acdada0bc') in 0.0104177 seconds
Number of updated asset objects reloaded before import = 0Number of asset objects unloaded after import = 1

========================================================================
Received Import Request.
  Time since last request: 0.000016 seconds.
  path: Assets/POLYGON weapons/Assets_official/FBXTexMat/POLYGON weapons pack/equipment_mats/red_dot_e/red_dot_e.png
  artifactKey: Guid(0852cc0e875e24c499b54a8010d7b3c4) Importer(2089858483,b0f066a214c2f5e87bad3c948f4d605d)
Start importing Assets/POLYGON weapons/Assets_official/FBXTexMat/POLYGON weapons pack/equipment_mats/red_dot_e/red_dot_e.png using Guid(0852cc0e875e24c499b54a8010d7b3c4) Importer(2089858483,b0f066a214c2f5e87bad3c948f4d605d) (ScriptedImporter) -> (artifact id: '9c8484ce02732b667f963e7ecae13d91') in 0.008986 seconds
Number of updated asset objects reloaded before import = 0Number of asset objects unloaded after import = 1

========================================================================
Received Import Request.
  Time since last request: 0.000015 seconds.
  path: Assets/POLYGON weapons/Assets_official/FBXTexMat/POLYGON weapons pack/rocket_launcher/rocket_launcher.png
  artifactKey: Guid(de34175c31b079745a408abf10791b78) Importer(2089858483,b0f066a214c2f5e87bad3c948f4d605d)
Start importing Assets/POLYGON weapons/Assets_official/FBXTexMat/POLYGON weapons pack/rocket_launcher/rocket_launcher.png using Guid(de34175c31b079745a408abf10791b78) Importer(2089858483,b0f066a214c2f5e87bad3c948f4d605d) (ScriptedImporter) -> (artifact id: 'c46918ceb62fe62d2287fd51c109fe2c') in 0.011467 seconds
Number of updated asset objects reloaded before import = 0Number of asset objects unloaded after import = 1

========================================================================
Received Import Request.
  Time since last request: 0.000017 seconds.
  path: Assets/POLYGON weapons/Assets_official/FBXTexMat/POLYGON weapons pack/tarusk/tarusk_d.mat
  artifactKey: Guid(333adfdd4f8338f438f9cf43abd1fe2d) Importer(2089858483,b0f066a214c2f5e87bad3c948f4d605d)
Start importing Assets/POLYGON weapons/Assets_official/FBXTexMat/POLYGON weapons pack/tarusk/tarusk_d.mat using Guid(333adfdd4f8338f438f9cf43abd1fe2d) Importer(2089858483,b0f066a214c2f5e87bad3c948f4d605d) (ScriptedImporter) -> (artifact id: '1ed59bf7325b7dc45a0a3842d9529ea6') in 0.0105391 seconds
Number of updated asset objects reloaded before import = 0Number of asset objects unloaded after import = 2

========================================================================
Received Import Request.
  Time since last request: 0.000020 seconds.
  path: Assets/POLYGON weapons/Show_scene_unofficial/Data/holder_main.png
  artifactKey: Guid(82f8c2006ec070048aba90206f122a5d) Importer(2089858483,b0f066a214c2f5e87bad3c948f4d605d)
Start importing Assets/POLYGON weapons/Show_scene_unofficial/Data/holder_main.png using Guid(82f8c2006ec070048aba90206f122a5d) Importer(2089858483,b0f066a214c2f5e87bad3c948f4d605d) (ScriptedImporter) -> (artifact id: 'bdf0c3846e1178c9ca6ad6ac6bbb635c') in 0.012064 seconds
Number of updated asset objects reloaded before import = 0Number of asset objects unloaded after import = 1

========================================================================
Received Import Request.
  Time since last request: 0.000023 seconds.
  path: Assets/POLYGON weapons/Assets_official/FBXTexMat/POLYGON weapons pack/StreetSub/StreetSub.fbx
  artifactKey: Guid(5ee3c79eaaefab64c8ffc72401224cda) Importer(2089858483,b0f066a214c2f5e87bad3c948f4d605d)
Start importing Assets/POLYGON weapons/Assets_official/FBXTexMat/POLYGON weapons pack/StreetSub/StreetSub.fbx using Guid(5ee3c79eaaefab64c8ffc72401224cda) Importer(2089858483,b0f066a214c2f5e87bad3c948f4d605d) (ScriptedImporter) -> (artifact id: 'd83a8abf7cadb61ccdcf1b97988602e4') in 0.0154424 seconds
Number of updated asset objects reloaded before import = 0Number of asset objects unloaded after import = 27

========================================================================
Received Import Request.
  Time since last request: 0.000018 seconds.
  path: Assets/POLYGON weapons/Assets_official/FBXTexMat/POLYGON weapons pack/knife
  artifactKey: Guid(6610558e6d9a1964ba0076329e4277b9) Importer(2089858483,b0f066a214c2f5e87bad3c948f4d605d)
Start importing Assets/POLYGON weapons/Assets_official/FBXTexMat/POLYGON weapons pack/knife using Guid(6610558e6d9a1964ba0076329e4277b9) Importer(2089858483,b0f066a214c2f5e87bad3c948f4d605d) (ScriptedImporter) -> (artifact id: '5066258d3e31e994d88ff267e7ddd8db') in 0.0085703 seconds
Number of updated asset objects reloaded before import = 0Number of asset objects unloaded after import = 1

========================================================================
Received Import Request.
  Time since last request: 0.000017 seconds.
  path: Assets/POLYGON weapons/Assets_official/knife_prefab.prefab
  artifactKey: Guid(e5e5a2ee8e19f104c8c11161e4b525cd) Importer(2089858483,b0f066a214c2f5e87bad3c948f4d605d)
Start importing Assets/POLYGON weapons/Assets_official/knife_prefab.prefab using Guid(e5e5a2ee8e19f104c8c11161e4b525cd) Importer(2089858483,b0f066a214c2f5e87bad3c948f4d605d) (ScriptedImporter) -> (artifact id: 'c22b2a4eb1db82b709612a86526e7a6d') in 0.0087554 seconds
Number of updated asset objects reloaded before import = 0Number of asset objects unloaded after import = 9

========================================================================
Received Import Request.
  Time since last request: 0.000018 seconds.
  path: Assets/POLYGON weapons/Assets_official/FBXTexMat/POLYGON weapons pack/HunterRifle
  artifactKey: Guid(174ad5bd721c7b248bdec343878c8228) Importer(2089858483,b0f066a214c2f5e87bad3c948f4d605d)
Start importing Assets/POLYGON weapons/Assets_official/FBXTexMat/POLYGON weapons pack/HunterRifle using Guid(174ad5bd721c7b248bdec343878c8228) Importer(2089858483,b0f066a214c2f5e87bad3c948f4d605d) (ScriptedImporter) -> (artifact id: '91b5009333210dc488b30f38c718bc7b') in 0.0070464 seconds
Number of updated asset objects reloaded before import = 0Number of asset objects unloaded after import = 1

========================================================================
Received Import Request.
  Time since last request: 0.000018 seconds.
  path: Assets/POLYGON weapons/Assets_official/FBXTexMat/POLYGON weapons pack/equipment_mats/Scope_b/cam_4.renderTexture
  artifactKey: Guid(6bd975b10f1d95c40b6f5bfa40139e36) Importer(2089858483,b0f066a214c2f5e87bad3c948f4d605d)
Start importing Assets/POLYGON weapons/Assets_official/FBXTexMat/POLYGON weapons pack/equipment_mats/Scope_b/cam_4.renderTexture using Guid(6bd975b10f1d95c40b6f5bfa40139e36) Importer(2089858483,b0f066a214c2f5e87bad3c948f4d605d) (ScriptedImporter) -> (artifact id: '3eb816897d4c8db6e4f62c21ea930419') in 0.0119835 seconds
Number of updated asset objects reloaded before import = 0Number of asset objects unloaded after import = 1

========================================================================
Received Import Request.
  Time since last request: 0.000015 seconds.
  path: Assets/POLYGON weapons/Assets_official/FBXTexMat/POLYGON weapons pack/tarusk
  artifactKey: Guid(a64d556c1b5af2b418394a10131c545c) Importer(2089858483,b0f066a214c2f5e87bad3c948f4d605d)
Start importing Assets/POLYGON weapons/Assets_official/FBXTexMat/POLYGON weapons pack/tarusk using Guid(a64d556c1b5af2b418394a10131c545c) Importer(2089858483,b0f066a214c2f5e87bad3c948f4d605d) (ScriptedImporter) -> (artifact id: 'b2eb1ea6b4841702ecb47a5df299f8c0') in 0.0059261 seconds
Number of updated asset objects reloaded before import = 0Number of asset objects unloaded after import = 1

========================================================================
Received Import Request.
  Time since last request: 0.000019 seconds.
  path: Assets/POLYGON weapons/Show_scene_unofficial/Data/aim_on.fbx
  artifactKey: Guid(cf6f8b3f1c29d1e45bf967a892487880) Importer(2089858483,b0f066a214c2f5e87bad3c948f4d605d)
Start importing Assets/POLYGON weapons/Show_scene_unofficial/Data/aim_on.fbx using Guid(cf6f8b3f1c29d1e45bf967a892487880) Importer(2089858483,b0f066a214c2f5e87bad3c948f4d605d) (ScriptedImporter) -> (artifact id: '18aab8ebc231af633b540dbea2e6e045') in 0.0105205 seconds
Number of updated asset objects reloaded before import = 0Number of asset objects unloaded after import = 10

========================================================================
Received Import Request.
  Time since last request: 0.000018 seconds.
  path: Assets/POLYGON weapons/Assets_official/FBXTexMat/POLYGON weapons pack/rocket_launcher/rocket_launcher.fbx
  artifactKey: Guid(ec8b8a442393f69458568c90b3736042) Importer(2089858483,b0f066a214c2f5e87bad3c948f4d605d)
Start importing Assets/POLYGON weapons/Assets_official/FBXTexMat/POLYGON weapons pack/rocket_launcher/rocket_launcher.fbx using Guid(ec8b8a442393f69458568c90b3736042) Importer(2089858483,b0f066a214c2f5e87bad3c948f4d605d) (ScriptedImporter) -> (artifact id: 'ed9b563351d2d400d793cb37be3b7936') in 0.0130318 seconds
Number of updated asset objects reloaded before import = 0Number of asset objects unloaded after import = 21

========================================================================
Received Import Request.
  Time since last request: 0.000027 seconds.
  path: Assets/POLYGON weapons/Assets_official/FBXTexMat/POLYGON weapons pack/Nsp/Nsp.fbx
  artifactKey: Guid(439c2a98eed9b884383505f395d33808) Importer(2089858483,b0f066a214c2f5e87bad3c948f4d605d)
Start importing Assets/POLYGON weapons/Assets_official/FBXTexMat/POLYGON weapons pack/Nsp/Nsp.fbx using Guid(439c2a98eed9b884383505f395d33808) Importer(2089858483,b0f066a214c2f5e87bad3c948f4d605d) (ScriptedImporter) -> (artifact id: '8616da6f2ae1d338b9b7af4aeaf14a42') in 0.0169961 seconds
Number of updated asset objects reloaded before import = 0Number of asset objects unloaded after import = 27

========================================================================
Received Import Request.
  Time since last request: 0.000016 seconds.
  path: Assets/POLYGON weapons/Assets_official/FBXTexMat/POLYGON weapons pack/equipment_mats/lamp_b/lamp_b.png
  artifactKey: Guid(1f5067c72ced267408ab5b26bf2fcc5c) Importer(2089858483,b0f066a214c2f5e87bad3c948f4d605d)
Start importing Assets/POLYGON weapons/Assets_official/FBXTexMat/POLYGON weapons pack/equipment_mats/lamp_b/lamp_b.png using Guid(1f5067c72ced267408ab5b26bf2fcc5c) Importer(2089858483,b0f066a214c2f5e87bad3c948f4d605d) (ScriptedImporter) -> (artifact id: '654930ad37523042d6574b9ffd54bef9') in 0.0110813 seconds
Number of updated asset objects reloaded before import = 0Number of asset objects unloaded after import = 1

========================================================================
Received Import Request.
  Time since last request: 0.000014 seconds.
  path: Assets/POLYGON weapons/Assets_official/FBXTexMat/POLYGON weapons pack/equipment_mats/glass 1.mat
  artifactKey: Guid(2465f69206fc3dd47af31fe837918ed5) Importer(2089858483,b0f066a214c2f5e87bad3c948f4d605d)
Start importing Assets/POLYGON weapons/Assets_official/FBXTexMat/POLYGON weapons pack/equipment_mats/glass 1.mat using Guid(2465f69206fc3dd47af31fe837918ed5) Importer(2089858483,b0f066a214c2f5e87bad3c948f4d605d) (ScriptedImporter) -> (artifact id: '69c4368dc94476d19a4337d9aa7b0dbb') in 0.0092462 seconds
Number of updated asset objects reloaded before import = 0Number of asset objects unloaded after import = 1

========================================================================
Received Import Request.
  Time since last request: 0.000016 seconds.
  path: Assets/POLYGON weapons/Assets_official/FBXTexMat/POLYGON weapons pack/Mkb16
  artifactKey: Guid(8368fa4ab6dc2b94aabb026e0543256f) Importer(2089858483,b0f066a214c2f5e87bad3c948f4d605d)
Start importing Assets/POLYGON weapons/Assets_official/FBXTexMat/POLYGON weapons pack/Mkb16 using Guid(8368fa4ab6dc2b94aabb026e0543256f) Importer(2089858483,b0f066a214c2f5e87bad3c948f4d605d) (ScriptedImporter) -> (artifact id: '54e34f1b84522f322de6955699d45b7d') in 0.008016 seconds
Number of updated asset objects reloaded before import = 0Number of asset objects unloaded after import = 1

========================================================================
Received Import Request.
  Time since last request: 0.000017 seconds.
  path: Assets/POLYGON weapons/Assets_official/FBXTexMat/POLYGON weapons pack/Auge/Materials/AugeCam.mat
  artifactKey: Guid(b4fefa7d88c99d24393c010f3b4b3eaf) Importer(2089858483,b0f066a214c2f5e87bad3c948f4d605d)
Start importing Assets/POLYGON weapons/Assets_official/FBXTexMat/POLYGON weapons pack/Auge/Materials/AugeCam.mat using Guid(b4fefa7d88c99d24393c010f3b4b3eaf) Importer(2089858483,b0f066a214c2f5e87bad3c948f4d605d) (ScriptedImporter) -> (artifact id: 'c22f9528ca5ca3bafa97b73199ae03fc') in 0.0092174 seconds
Number of updated asset objects reloaded before import = 0Number of asset objects unloaded after import = 2

========================================================================
Received Import Request.
  Time since last request: 0.000015 seconds.
  path: Assets/POLYGON weapons/Assets_official/FBXTexMat/POLYGON weapons pack/equipment_mats/suppressor_b/Suppressor_b.fbx
  artifactKey: Guid(d2ba1d1fb2b12e54288628f8c0ec8c2c) Importer(2089858483,b0f066a214c2f5e87bad3c948f4d605d)
Start importing Assets/POLYGON weapons/Assets_official/FBXTexMat/POLYGON weapons pack/equipment_mats/suppressor_b/Suppressor_b.fbx using Guid(d2ba1d1fb2b12e54288628f8c0ec8c2c) Importer(2089858483,b0f066a214c2f5e87bad3c948f4d605d) (ScriptedImporter) -> (artifact id: 'd88c8ad4930b88663ad6140eeef3a705') in 0.0120922 seconds
Number of updated asset objects reloaded before import = 0Number of asset objects unloaded after import = 8

========================================================================
Received Import Request.
  Time since last request: 0.000014 seconds.
  path: Assets/POLYGON weapons/Assets_official/FBXTexMat/POLYGON weapons pack/Sturmgewehr46/Sturmgewehr46_b.mat
  artifactKey: Guid(3c56f45bb3ad8dd43b5b61847b76cef9) Importer(2089858483,b0f066a214c2f5e87bad3c948f4d605d)
Start importing Assets/POLYGON weapons/Assets_official/FBXTexMat/POLYGON weapons pack/Sturmgewehr46/Sturmgewehr46_b.mat using Guid(3c56f45bb3ad8dd43b5b61847b76cef9) Importer(2089858483,b0f066a214c2f5e87bad3c948f4d605d) (ScriptedImporter) -> (artifact id: 'bc1b849232038821a492345bbac62f12') in 0.0068009 seconds
Number of updated asset objects reloaded before import = 0Number of asset objects unloaded after import = 2

========================================================================
Received Import Request.
  Time since last request: 0.000019 seconds.
  path: Assets/POLYGON weapons/Assets_official/FBXTexMat/POLYGON weapons pack/crowbar/crowbar.png
  artifactKey: Guid(d03807b83f5829d4fb19da91c5201824) Importer(2089858483,b0f066a214c2f5e87bad3c948f4d605d)
Start importing Assets/POLYGON weapons/Assets_official/FBXTexMat/POLYGON weapons pack/crowbar/crowbar.png using Guid(d03807b83f5829d4fb19da91c5201824) Importer(2089858483,b0f066a214c2f5e87bad3c948f4d605d) (ScriptedImporter) -> (artifact id: '51cbb27914ecb53fef744bda1c2d8248') in 0.0095906 seconds
Number of updated asset objects reloaded before import = 0Number of asset objects unloaded after import = 1

========================================================================
Received Import Request.
  Time since last request: 0.000144 seconds.
  path: Assets/POLYGON weapons/Assets_official/FBXTexMat/POLYGON weapons pack/equipment_mats/suppressor_a
  artifactKey: Guid(f49d5064adbbd164891391090fea3257) Importer(2089858483,b0f066a214c2f5e87bad3c948f4d605d)
Start importing Assets/POLYGON weapons/Assets_official/FBXTexMat/POLYGON weapons pack/equipment_mats/suppressor_a using Guid(f49d5064adbbd164891391090fea3257) Importer(2089858483,b0f066a214c2f5e87bad3c948f4d605d) (ScriptedImporter) -> (artifact id: '8287681ad674211e481dd1976898e829') in 0.0062253 seconds
Number of updated asset objects reloaded before import = 0Number of asset objects unloaded after import = 1

========================================================================
Received Import Request.
  Time since last request: 0.000016 seconds.
  path: Assets/POLYGON weapons/Assets_official/FBXTexMat/POLYGON weapons pack/Grenade/Grenade.fbx
  artifactKey: Guid(3ca8f11cc7fca9747b2bf3be79dac021) Importer(2089858483,b0f066a214c2f5e87bad3c948f4d605d)
Start importing Assets/POLYGON weapons/Assets_official/FBXTexMat/POLYGON weapons pack/Grenade/Grenade.fbx using Guid(3ca8f11cc7fca9747b2bf3be79dac021) Importer(2089858483,b0f066a214c2f5e87bad3c948f4d605d) (ScriptedImporter) -> (artifact id: 'f848631c01760eb094449ef5def5a530') in 0.0102917 seconds
Number of updated asset objects reloaded before import = 0Number of asset objects unloaded after import = 9

========================================================================
Received Import Request.
  Time since last request: 0.000015 seconds.
  path: Assets/POLYGON weapons/Show_scene_unofficial/Data/white 1.mat
  artifactKey: Guid(523fc5eca8eac8342af32bf5259a496e) Importer(2089858483,b0f066a214c2f5e87bad3c948f4d605d)
Start importing Assets/POLYGON weapons/Show_scene_unofficial/Data/white 1.mat using Guid(523fc5eca8eac8342af32bf5259a496e) Importer(2089858483,b0f066a214c2f5e87bad3c948f4d605d) (ScriptedImporter) -> (artifact id: '4af06414fff88853ce381ef363f51ac9') in 0.0079653 seconds
Number of updated asset objects reloaded before import = 0Number of asset objects unloaded after import = 1

========================================================================
Received Import Request.
  Time since last request: 0.000015 seconds.
  path: Assets/POLYGON weapons/Assets_official/FBXTexMat/POLYGON weapons pack/equipment_mats/laser_b
  artifactKey: Guid(875969cee05bf36469e364b09c19a5f0) Importer(2089858483,b0f066a214c2f5e87bad3c948f4d605d)
Start importing Assets/POLYGON weapons/Assets_official/FBXTexMat/POLYGON weapons pack/equipment_mats/laser_b using Guid(875969cee05bf36469e364b09c19a5f0) Importer(2089858483,b0f066a214c2f5e87bad3c948f4d605d) (ScriptedImporter) -> (artifact id: '5ca4b79045ef549470a84b5bdab0a0a4') in 0.0071355 seconds
Number of updated asset objects reloaded before import = 0Number of asset objects unloaded after import = 1

========================================================================
Received Import Request.
  Time since last request: 0.000019 seconds.
  path: Assets/POLYGON weapons/Assets_official/FBXTexMat/POLYGON weapons pack/grenade_launcher/Materials
  artifactKey: Guid(f19a6d82cdc3a094e97eb9253664edaf) Importer(2089858483,b0f066a214c2f5e87bad3c948f4d605d)
Start importing Assets/POLYGON weapons/Assets_official/FBXTexMat/POLYGON weapons pack/grenade_launcher/Materials using Guid(f19a6d82cdc3a094e97eb9253664edaf) Importer(2089858483,b0f066a214c2f5e87bad3c948f4d605d) (ScriptedImporter) -> (artifact id: '08e208e7b79868e037bb2107536d016e') in 0.0068824 seconds
Number of updated asset objects reloaded before import = 0Number of asset objects unloaded after import = 1

========================================================================
Received Import Request.
  Time since last request: 0.000015 seconds.
  path: Assets/POLYGON weapons/Assets_official/FBXTexMat/POLYGON weapons pack/RP9/RP9_a.mat
  artifactKey: Guid(f57fbc0e8efedb544afef568f327b286) Importer(2089858483,b0f066a214c2f5e87bad3c948f4d605d)
Start importing Assets/POLYGON weapons/Assets_official/FBXTexMat/POLYGON weapons pack/RP9/RP9_a.mat using Guid(f57fbc0e8efedb544afef568f327b286) Importer(2089858483,b0f066a214c2f5e87bad3c948f4d605d) (ScriptedImporter) -> (artifact id: 'c74277c306ccde63a3d1c1550a4865c0') in 0.0098547 seconds
Number of updated asset objects reloaded before import = 0Number of asset objects unloaded after import = 2

========================================================================
Received Import Request.
  Time since last request: 0.000018 seconds.
  path: Assets/POLYGON weapons/Assets_official/FBXTexMat/POLYGON weapons pack/Shotgun3/Shotgun3.png
  artifactKey: Guid(6d0aca4ebb1294c408eb0c9d009c7f02) Importer(2089858483,b0f066a214c2f5e87bad3c948f4d605d)
Start importing Assets/POLYGON weapons/Assets_official/FBXTexMat/POLYGON weapons pack/Shotgun3/Shotgun3.png using Guid(6d0aca4ebb1294c408eb0c9d009c7f02) Importer(2089858483,b0f066a214c2f5e87bad3c948f4d605d) (ScriptedImporter) -> (artifact id: '5e2370d20d4c56c1b7e96fbe3e77be45') in 0.0114591 seconds
Number of updated asset objects reloaded before import = 0Number of asset objects unloaded after import = 1

========================================================================
Received Import Request.
  Time since last request: 0.000018 seconds.
  path: Assets/POLYGON weapons/Show_scene_unofficial/Data/polygon_weapons.mat
  artifactKey: Guid(9a609d48a0180274f9145e8c5eeadad2) Importer(2089858483,b0f066a214c2f5e87bad3c948f4d605d)
Start importing Assets/POLYGON weapons/Show_scene_unofficial/Data/polygon_weapons.mat using Guid(9a609d48a0180274f9145e8c5eeadad2) Importer(2089858483,b0f066a214c2f5e87bad3c948f4d605d) (ScriptedImporter) -> (artifact id: 'ac3aafef25f2199a01d2cf16b9c7de67') in 0.0107075 seconds
Number of updated asset objects reloaded before import = 0Number of asset objects unloaded after import = 2

========================================================================
Received Import Request.
  Time since last request: 0.000024 seconds.
  path: Assets/POLYGON weapons/Assets_official/FBXTexMat/POLYGON weapons pack/bullet_shells_fbxTexMat/12,7 × 99.mat
  artifactKey: Guid(ba8193452ed924946bf206c5d29378cf) Importer(2089858483,b0f066a214c2f5e87bad3c948f4d605d)
Start importing Assets/POLYGON weapons/Assets_official/FBXTexMat/POLYGON weapons pack/bullet_shells_fbxTexMat/12,7 × 99.mat using Guid(ba8193452ed924946bf206c5d29378cf) Importer(2089858483,b0f066a214c2f5e87bad3c948f4d605d) (ScriptedImporter) -> (artifact id: '5b2613462d10f0f67e11fe39bbd19676') in 0.0095124 seconds
Number of updated asset objects reloaded before import = 0Number of asset objects unloaded after import = 2

========================================================================
Received Import Request.
  Time since last request: 0.000015 seconds.
  path: Assets/POLYGON weapons/Assets_official/FBXTexMat/POLYGON weapons pack/machinegun/machinegun_a.mat
  artifactKey: Guid(07b5abf28063a074fa78f9f13127f490) Importer(2089858483,b0f066a214c2f5e87bad3c948f4d605d)
Start importing Assets/POLYGON weapons/Assets_official/FBXTexMat/POLYGON weapons pack/machinegun/machinegun_a.mat using Guid(07b5abf28063a074fa78f9f13127f490) Importer(2089858483,b0f066a214c2f5e87bad3c948f4d605d) (ScriptedImporter) -> (artifact id: '973a41bf4c336a6ebd459e5352b305a8') in 0.0102953 seconds
Number of updated asset objects reloaded before import = 0Number of asset objects unloaded after import = 2

========================================================================
Received Import Request.
  Time since last request: 0.000016 seconds.
  path: Assets/POLYGON weapons/Assets_official/FBXTexMat/POLYGON weapons pack/equipment_mats/suppressor_c/Suppressor_c.png
  artifactKey: Guid(ab92dd2184acadd42a09b7d2dfc3a961) Importer(2089858483,b0f066a214c2f5e87bad3c948f4d605d)
Start importing Assets/POLYGON weapons/Assets_official/FBXTexMat/POLYGON weapons pack/equipment_mats/suppressor_c/Suppressor_c.png using Guid(ab92dd2184acadd42a09b7d2dfc3a961) Importer(2089858483,b0f066a214c2f5e87bad3c948f4d605d) (ScriptedImporter) -> (artifact id: 'b6bb011359d506c07dae83ab4d7a165d') in 0.0094475 seconds
Number of updated asset objects reloaded before import = 0Number of asset objects unloaded after import = 1

========================================================================
Received Import Request.
  Time since last request: 0.000016 seconds.
  path: Assets/POLYGON weapons/Assets_official/FBXTexMat/POLYGON weapons pack/Buzzsub
  artifactKey: Guid(52f4ca480fd1559479ab9d7f937b05c9) Importer(2089858483,b0f066a214c2f5e87bad3c948f4d605d)
Start importing Assets/POLYGON weapons/Assets_official/FBXTexMat/POLYGON weapons pack/Buzzsub using Guid(52f4ca480fd1559479ab9d7f937b05c9) Importer(2089858483,b0f066a214c2f5e87bad3c948f4d605d) (ScriptedImporter) -> (artifact id: 'db729eba6bacdb83d3741d02a9960800') in 0.007642 seconds
Number of updated asset objects reloaded before import = 0Number of asset objects unloaded after import = 1

========================================================================
Received Import Request.
  Time since last request: 0.000018 seconds.
  path: Assets/POLYGON weapons/Assets_official/FBXTexMat/POLYGON weapons pack/equipment_mats/laser_a/laser_a.fbx
  artifactKey: Guid(6343b827963588a408a25dbc7c62e96e) Importer(2089858483,b0f066a214c2f5e87bad3c948f4d605d)
Start importing Assets/POLYGON weapons/Assets_official/FBXTexMat/POLYGON weapons pack/equipment_mats/laser_a/laser_a.fbx using Guid(6343b827963588a408a25dbc7c62e96e) Importer(2089858483,b0f066a214c2f5e87bad3c948f4d605d) (ScriptedImporter) -> (artifact id: '9c46c6af16aed471e77d79376463fb5a') in 0.0140317 seconds
Number of updated asset objects reloaded before import = 0Number of asset objects unloaded after import = 8

========================================================================
Received Import Request.
  Time since last request: 0.000026 seconds.
  path: Assets/POLYGON weapons/Show_scene_unofficial/Data/2mCube.fbx
  artifactKey: Guid(48f4796d3f047324ebb503f4485d955e) Importer(2089858483,b0f066a214c2f5e87bad3c948f4d605d)
Start importing Assets/POLYGON weapons/Show_scene_unofficial/Data/2mCube.fbx using Guid(48f4796d3f047324ebb503f4485d955e) Importer(2089858483,b0f066a214c2f5e87bad3c948f4d605d) (ScriptedImporter) -> (artifact id: 'f9e25e91848fc8a088b7b85408469477') in 0.0114754 seconds
Number of updated asset objects reloaded before import = 0Number of asset objects unloaded after import = 8

========================================================================
Received Import Request.
  Time since last request: 0.000026 seconds.
  path: Assets/POLYGON weapons/Scenes
  artifactKey: Guid(8d691f765434c48448fe7955b479c59a) Importer(2089858483,b0f066a214c2f5e87bad3c948f4d605d)
Start importing Assets/POLYGON weapons/Scenes using Guid(8d691f765434c48448fe7955b479c59a) Importer(2089858483,b0f066a214c2f5e87bad3c948f4d605d) (ScriptedImporter) -> (artifact id: 'c97fafeea1bec1a979f4047ed7d59ea1') in 0.0076441 seconds
Number of updated asset objects reloaded before import = 0Number of asset objects unloaded after import = 1

========================================================================
Received Import Request.
  Time since last request: 0.000019 seconds.
  path: Assets/POLYGON weapons/Assets_official/Russian_sniper_prefab.prefab
  artifactKey: Guid(17eb81f5e4bc6d64d90344e9239f19fc) Importer(2089858483,b0f066a214c2f5e87bad3c948f4d605d)
Start importing Assets/POLYGON weapons/Assets_official/Russian_sniper_prefab.prefab using Guid(17eb81f5e4bc6d64d90344e9239f19fc) Importer(2089858483,b0f066a214c2f5e87bad3c948f4d605d) (ScriptedImporter) -> (artifact id: 'ae70b3cda5ff8d559ae4a3615693d96b') in 0.0122681 seconds
Number of updated asset objects reloaded before import = 0Number of asset objects unloaded after import = 47

========================================================================
Received Import Request.
  Time since last request: 0.000035 seconds.
  path: Assets/POLYGON weapons/Assets_official/FBXTexMat/POLYGON weapons pack/pumpgun_a/pumpgun_a.png
  artifactKey: Guid(9a67714ff5d3ac541acb9b1dd38eaef8) Importer(2089858483,b0f066a214c2f5e87bad3c948f4d605d)
Start importing Assets/POLYGON weapons/Assets_official/FBXTexMat/POLYGON weapons pack/pumpgun_a/pumpgun_a.png using Guid(9a67714ff5d3ac541acb9b1dd38eaef8) Importer(2089858483,b0f066a214c2f5e87bad3c948f4d605d) (ScriptedImporter) -> (artifact id: '412f7d17d4e4499cdc3ba239535f05be') in 0.0095685 seconds
Number of updated asset objects reloaded before import = 0Number of asset objects unloaded after import = 1

========================================================================
Received Import Request.
  Time since last request: 0.000017 seconds.
  path: Assets/POLYGON weapons/README.rtf
  artifactKey: Guid(6bc59be9776f6af4fa723f294f80f2b7) Importer(2089858483,b0f066a214c2f5e87bad3c948f4d605d)
Start importing Assets/POLYGON weapons/README.rtf using Guid(6bc59be9776f6af4fa723f294f80f2b7) Importer(2089858483,b0f066a214c2f5e87bad3c948f4d605d) (ScriptedImporter) -> (artifact id: '777c3e9527a35387f7629b01cfd51017') in 0.0071952 seconds
Number of updated asset objects reloaded before import = 0Number of asset objects unloaded after import = 1

========================================================================
Received Import Request.
  Time since last request: 0.000017 seconds.
  path: Assets/POLYGON weapons/Assets_official/FBXTexMat/POLYGON weapons pack/equipment_mats
  artifactKey: Guid(d9360d4faf2f9414587964573fa69834) Importer(2089858483,b0f066a214c2f5e87bad3c948f4d605d)
Start importing Assets/POLYGON weapons/Assets_official/FBXTexMat/POLYGON weapons pack/equipment_mats using Guid(d9360d4faf2f9414587964573fa69834) Importer(2089858483,b0f066a214c2f5e87bad3c948f4d605d) (ScriptedImporter) -> (artifact id: 'eb4c51d8ef3484779d1295adec9bee20') in 0.0081346 seconds
Number of updated asset objects reloaded before import = 0Number of asset objects unloaded after import = 1

========================================================================
Received Import Request.
  Time since last request: 0.000016 seconds.
  path: Assets/POLYGON weapons/Assets_official/FBXTexMat/POLYGON weapons pack/Russian_sniper/Materials/Russian_sniper_cam.mat
  artifactKey: Guid(5d385a0fa7d02314f8788cce54f81d61) Importer(2089858483,b0f066a214c2f5e87bad3c948f4d605d)
Start importing Assets/POLYGON weapons/Assets_official/FBXTexMat/POLYGON weapons pack/Russian_sniper/Materials/Russian_sniper_cam.mat using Guid(5d385a0fa7d02314f8788cce54f81d61) Importer(2089858483,b0f066a214c2f5e87bad3c948f4d605d) (ScriptedImporter) -> (artifact id: 'f571870489cd0735fb5c0a7669218514') in 0.0090115 seconds
Number of updated asset objects reloaded before import = 0Number of asset objects unloaded after import = 2

========================================================================
Received Import Request.
  Time since last request: 0.000014 seconds.
  path: Assets/POLYGON weapons
  artifactKey: Guid(040baa648b1e38b4690f19c41ae22d1b) Importer(2089858483,b0f066a214c2f5e87bad3c948f4d605d)
Start importing Assets/POLYGON weapons using Guid(040baa648b1e38b4690f19c41ae22d1b) Importer(2089858483,b0f066a214c2f5e87bad3c948f4d605d) (ScriptedImporter) -> (artifact id: '5a3308a4fa5cc06c28d89b37a9f677c8') in 0.0080527 seconds
Number of updated asset objects reloaded before import = 0Number of asset objects unloaded after import = 1

========================================================================
Received Import Request.
  Time since last request: 0.000022 seconds.
  path: Assets/POLYGON weapons/Show_scene_unofficial/Data/Gold 1.png
  artifactKey: Guid(c7527e5de46bb1947bac4f65e03e42fe) Importer(2089858483,b0f066a214c2f5e87bad3c948f4d605d)
Start importing Assets/POLYGON weapons/Show_scene_unofficial/Data/Gold 1.png using Guid(c7527e5de46bb1947bac4f65e03e42fe) Importer(2089858483,b0f066a214c2f5e87bad3c948f4d605d) (ScriptedImporter) -> (artifact id: 'ac57226ae185a7044d638010404e115e') in 0.0105088 seconds
Number of updated asset objects reloaded before import = 0Number of asset objects unloaded after import = 1

========================================================================
Received Import Request.
  Time since last request: 0.000015 seconds.
  path: Assets/POLYGON weapons/Assets_official/FBXTexMat/POLYGON weapons pack/bullet_shells_fbxTexMat/5.7x28.png
  artifactKey: Guid(19b441ee4d75e8c4fae4dcef213deb39) Importer(2089858483,b0f066a214c2f5e87bad3c948f4d605d)
Start importing Assets/POLYGON weapons/Assets_official/FBXTexMat/POLYGON weapons pack/bullet_shells_fbxTexMat/5.7x28.png using Guid(19b441ee4d75e8c4fae4dcef213deb39) Importer(2089858483,b0f066a214c2f5e87bad3c948f4d605d) (ScriptedImporter) -> (artifact id: '0ed59b41a8664e5694837c00e80d3e8a') in 0.0092385 seconds
Number of updated asset objects reloaded before import = 0Number of asset objects unloaded after import = 1

========================================================================
Received Import Request.
  Time since last request: 0.000015 seconds.
  path: Assets/POLYGON weapons/Assets_official/FBXTexMat/POLYGON weapons pack/Nsp/Nsp.mat
  artifactKey: Guid(19f178532f856bf4c9d359a7e6d34104) Importer(2089858483,b0f066a214c2f5e87bad3c948f4d605d)
Start importing Assets/POLYGON weapons/Assets_official/FBXTexMat/POLYGON weapons pack/Nsp/Nsp.mat using Guid(19f178532f856bf4c9d359a7e6d34104) Importer(2089858483,b0f066a214c2f5e87bad3c948f4d605d) (ScriptedImporter) -> (artifact id: '07dbdffda186b1244919bc02264f9c5c') in 0.0117778 seconds
Number of updated asset objects reloaded before import = 0Number of asset objects unloaded after import = 2

========================================================================
Received Import Request.
  Time since last request: 0.000023 seconds.
  path: Assets/POLYGON weapons/Assets_official/bullet_shells_assets/12gauge_prefab.prefab
  artifactKey: Guid(04c87384bf0fddd4ebdcf2aeeb697997) Importer(2089858483,b0f066a214c2f5e87bad3c948f4d605d)
Start importing Assets/POLYGON weapons/Assets_official/bullet_shells_assets/12gauge_prefab.prefab using Guid(04c87384bf0fddd4ebdcf2aeeb697997) Importer(2089858483,b0f066a214c2f5e87bad3c948f4d605d) (ScriptedImporter) -> (artifact id: '91a5ab4a2d07e3d98bacc6ab824eb4a5') in 0.0085671 seconds
Number of updated asset objects reloaded before import = 0Number of asset objects unloaded after import = 9

========================================================================
Received Import Request.
  Time since last request: 0.000015 seconds.
  path: Assets/POLYGON weapons/Assets_official/FBXTexMat/POLYGON weapons pack/equipment_mats/red_dot_a
  artifactKey: Guid(5ac064dfa4d5497439ec7fbe4ebb46cf) Importer(2089858483,b0f066a214c2f5e87bad3c948f4d605d)
Start importing Assets/POLYGON weapons/Assets_official/FBXTexMat/POLYGON weapons pack/equipment_mats/red_dot_a using Guid(5ac064dfa4d5497439ec7fbe4ebb46cf) Importer(2089858483,b0f066a214c2f5e87bad3c948f4d605d) (ScriptedImporter) -> (artifact id: '6c02275e74cd9cfe9a7de1123f1dbe82') in 0.0059908 seconds
Number of updated asset objects reloaded before import = 0Number of asset objects unloaded after import = 1

========================================================================
Received Import Request.
  Time since last request: 0.000015 seconds.
  path: Assets/POLYGON weapons/Assets_official/Equipment_assets/lamp_laser_a_prefab.prefab
  artifactKey: Guid(41171b73986a29e40aac4ae0eeb045fd) Importer(2089858483,b0f066a214c2f5e87bad3c948f4d605d)
Start importing Assets/POLYGON weapons/Assets_official/Equipment_assets/lamp_laser_a_prefab.prefab using Guid(41171b73986a29e40aac4ae0eeb045fd) Importer(2089858483,b0f066a214c2f5e87bad3c948f4d605d) (ScriptedImporter) -> (artifact id: '898121bf28fff3457fe16fe3f1de230a') in 0.0091942 seconds
Number of updated asset objects reloaded before import = 0Number of asset objects unloaded after import = 9

========================================================================
Received Import Request.
  Time since last request: 0.000015 seconds.
  path: Assets/POLYGON weapons/Show_scene_unofficial/Data/blue.png
  artifactKey: Guid(8838d4a1734131748970bbd00184ffbf) Importer(2089858483,b0f066a214c2f5e87bad3c948f4d605d)
Start importing Assets/POLYGON weapons/Show_scene_unofficial/Data/blue.png using Guid(8838d4a1734131748970bbd00184ffbf) Importer(2089858483,b0f066a214c2f5e87bad3c948f4d605d) (ScriptedImporter) -> (artifact id: '00a2ced5800f198a2318fa0726a2eafa') in 0.0100472 seconds
Number of updated asset objects reloaded before import = 0Number of asset objects unloaded after import = 1

========================================================================
Received Import Request.
  Time since last request: 0.000028 seconds.
  path: Assets/POLYGON weapons/Assets_official/Equipment_assets/lamp_laser_b_prefab.prefab
  artifactKey: Guid(d344142eb721099499aeaf41c80dbc18) Importer(2089858483,b0f066a214c2f5e87bad3c948f4d605d)
Start importing Assets/POLYGON weapons/Assets_official/Equipment_assets/lamp_laser_b_prefab.prefab using Guid(d344142eb721099499aeaf41c80dbc18) Importer(2089858483,b0f066a214c2f5e87bad3c948f4d605d) (ScriptedImporter) -> (artifact id: 'b2534ce76539ea0db323fb2b26db65d1') in 0.0091106 seconds
Number of updated asset objects reloaded before import = 0Number of asset objects unloaded after import = 9

========================================================================
Received Import Request.
  Time since last request: 109.534685 seconds.
  path: Assets/POLYGON weapons/Assets_official/FBXTexMat/POLYGON weapons pack/ClusterSub/Materials
  artifactKey: Guid(081844de4184f8144b8f1e265fd085da) Importer(2089858483,b0f066a214c2f5e87bad3c948f4d605d)
Start importing Assets/POLYGON weapons/Assets_official/FBXTexMat/POLYGON weapons pack/ClusterSub/Materials using Guid(081844de4184f8144b8f1e265fd085da) Importer(2089858483,b0f066a214c2f5e87bad3c948f4d605d) (ScriptedImporter) -> (artifact id: 'debd8821673aefc7ac5d82241fed78dd') in 0.0148685 seconds
Number of updated asset objects reloaded before import = 0Number of asset objects unloaded after import = 1

========================================================================
Received Import Request.
  Time since last request: 2.811819 seconds.
  path: Assets/POLYGON weapons/Assets_official/FBXTexMat/POLYGON weapons pack/ClusterSub/Materials
  artifactKey: Guid(081844de4184f8144b8f1e265fd085da) Importer(815301076,1909f56bfc062723c751e8b465ee728b)
Start importing Assets/POLYGON weapons/Assets_official/FBXTexMat/POLYGON weapons pack/ClusterSub/Materials using Guid(081844de4184f8144b8f1e265fd085da) Importer(815301076,1909f56bfc062723c751e8b465ee728b) (PreviewImporter) -> (artifact id: 'b4c696d35f4a88621372a81405b3fc07') in 0.0004917 seconds
Number of updated asset objects reloaded before import = 0Number of asset objects unloaded after import = 0

========================================================================
Received Import Request.
  Time since last request: 0.062831 seconds.
  path: Assets/POLYGON weapons/Assets_official/FBXTexMat/POLYGON weapons pack/ClusterSub/Materials/ClusterSub.mat
  artifactKey: Guid(db427f2ea2e590f428be3b529996fda1) Importer(815301076,1909f56bfc062723c751e8b465ee728b)
Start importing Assets/POLYGON weapons/Assets_official/FBXTexMat/POLYGON weapons pack/ClusterSub/Materials/ClusterSub.mat using Guid(db427f2ea2e590f428be3b529996fda1) Importer(815301076,1909f56bfc062723c751e8b465ee728b) (PreviewImporter) -> (artifact id: 'a79002fcf4e241b474870543e1df810c') in 0.0916346 seconds
Number of updated asset objects reloaded before import = 0Number of asset objects unloaded after import = 2

========================================================================
Received Import Request.
  Time since last request: 195.629159 seconds.
  path: Packages/com.unity.render-pipelines.universal/Runtime/Materials/Decal.mat
  artifactKey: Guid(31d0dcc6f2dd4e4408d18036a2c93862) Importer(815301076,1909f56bfc062723c751e8b465ee728b)
Start importing Packages/com.unity.render-pipelines.universal/Runtime/Materials/Decal.mat using Guid(31d0dcc6f2dd4e4408d18036a2c93862) Importer(815301076,1909f56bfc062723c751e8b465ee728b) (PreviewImporter) -> (artifact id: 'd4cb2b5abdbeada8dfa6c91186f25c0a') in 0.0244414 seconds
Number of updated asset objects reloaded before import = 0Number of asset objects unloaded after import = 0

========================================================================
Received Import Request.
  Time since last request: 0.049825 seconds.
  path: Packages/com.unity.render-pipelines.universal/Runtime/Materials/Lit.mat
  artifactKey: Guid(31321ba15b8f8eb4c954353edc038b1d) Importer(815301076,1909f56bfc062723c751e8b465ee728b)
Start importing Packages/com.unity.render-pipelines.universal/Runtime/Materials/Lit.mat using Guid(31321ba15b8f8eb4c954353edc038b1d) Importer(815301076,1909f56bfc062723c751e8b465ee728b) (PreviewImporter) -> (artifact id: '7ef0933b376dee1a1879d5f7c902a8d6') in 0.0201816 seconds
Number of updated asset objects reloaded before import = 0Number of asset objects unloaded after import = 0

========================================================================
Received Import Request.
  Time since last request: 0.000019 seconds.
  path: Packages/com.unity.render-pipelines.universal/Runtime/Materials/ParticlesUnlit.mat
  artifactKey: Guid(e823cd5b5d27c0f4b8256e7c12ee3e6d) Importer(815301076,1909f56bfc062723c751e8b465ee728b)
Start importing Packages/com.unity.render-pipelines.universal/Runtime/Materials/ParticlesUnlit.mat using Guid(e823cd5b5d27c0f4b8256e7c12ee3e6d) Importer(815301076,1909f56bfc062723c751e8b465ee728b) (PreviewImporter) -> (artifact id: '523274b517b26070a80ae6917a6b38b5') in 0.4909599 seconds
Number of updated asset objects reloaded before import = 0Number of asset objects unloaded after import = 0

========================================================================
Received Import Request.
  Time since last request: 0.000020 seconds.
  path: Packages/com.unity.render-pipelines.universal/Runtime/Materials/SpatialMappingOcclusion.mat
  artifactKey: Guid(b51db210fe78df745a372851b3db949e) Importer(815301076,1909f56bfc062723c751e8b465ee728b)
Start importing Packages/com.unity.render-pipelines.universal/Runtime/Materials/SpatialMappingOcclusion.mat using Guid(b51db210fe78df745a372851b3db949e) Importer(815301076,1909f56bfc062723c751e8b465ee728b) (PreviewImporter) -> (artifact id: '628e3ce3ec49b5fbb1648f70b01b0cce') in 0.0062797 seconds
Number of updated asset objects reloaded before import = 0Number of asset objects unloaded after import = 1

========================================================================
Received Import Request.
  Time since last request: 0.000030 seconds.
  path: Packages/com.unity.render-pipelines.universal/Runtime/Materials/TerrainLit.mat
  artifactKey: Guid(594ea882c5a793440b60ff72d896021e) Importer(815301076,1909f56bfc062723c751e8b465ee728b)
Start importing Packages/com.unity.render-pipelines.universal/Runtime/Materials/TerrainLit.mat using Guid(594ea882c5a793440b60ff72d896021e) Importer(815301076,1909f56bfc062723c751e8b465ee728b) (PreviewImporter) -> (artifact id: '2dce2b973a7ffaaa80492849709170dc') in 1.9538749 seconds
Number of updated asset objects reloaded before import = 0Number of asset objects unloaded after import = 0

========================================================================
Received Import Request.
  Time since last request: 193.145887 seconds.
  path: Assets/TutorialInfo/Scripts
  artifactKey: Guid(5a9bcd70e6a4b4b05badaa72e827d8e0) Importer(815301076,1909f56bfc062723c751e8b465ee728b)
Start importing Assets/TutorialInfo/Scripts using Guid(5a9bcd70e6a4b4b05badaa72e827d8e0) Importer(815301076,1909f56bfc062723c751e8b465ee728b) (PreviewImporter) -> (artifact id: 'd5f7b6d5fe4d6ec12174dd17021b0f3b') in 0.0005738 seconds
Number of updated asset objects reloaded before import = 0Number of asset objects unloaded after import = 0

========================================================================
Received Import Request.
  Time since last request: 4.638617 seconds.
  path: Assets/TutorialInfo/Scripts/Readme.cs
  artifactKey: Guid(fcf7219bab7fe46a1ad266029b2fee19) Importer(815301076,1909f56bfc062723c751e8b465ee728b)
Start importing Assets/TutorialInfo/Scripts/Readme.cs using Guid(fcf7219bab7fe46a1ad266029b2fee19) Importer(815301076,1909f56bfc062723c751e8b465ee728b) (PreviewImporter) -> (artifact id: '0c344305f2ca51ffd332a0fa4ea5f624') in 0.0005574 seconds
Number of updated asset objects reloaded before import = 0Number of asset objects unloaded after import = 0

========================================================================
Received Import Request.
  Time since last request: 5.734812 seconds.
  path: Assets/TutorialInfo/Scripts/Editor
  artifactKey: Guid(3ad9b87dffba344c89909c6d1b1c17e1) Importer(815301076,1909f56bfc062723c751e8b465ee728b)
Start importing Assets/TutorialInfo/Scripts/Editor using Guid(3ad9b87dffba344c89909c6d1b1c17e1) Importer(815301076,1909f56bfc062723c751e8b465ee728b) (PreviewImporter) -> (artifact id: '2befc4d32e7a4c91df83b6e6adefcc2a') in 0.0004083 seconds
Number of updated asset objects reloaded before import = 0Number of asset objects unloaded after import = 0

========================================================================
Received Import Request.
  Time since last request: 0.951436 seconds.
  path: Assets/TutorialInfo/Scripts/Editor/ReadmeEditor.cs
  artifactKey: Guid(476cc7d7cd9874016adc216baab94a0a) Importer(815301076,1909f56bfc062723c751e8b465ee728b)
Start importing Assets/TutorialInfo/Scripts/Editor/ReadmeEditor.cs using Guid(476cc7d7cd9874016adc216baab94a0a) Importer(815301076,1909f56bfc062723c751e8b465ee728b) (PreviewImporter) -> (artifact id: '61e56ed46c2d4246d2dc42ddb4eb712b') in 0.0004723 seconds
Number of updated asset objects reloaded before import = 0Number of asset objects unloaded after import = 0

========================================================================
Received Import Request.
  Time since last request: 19.819066 seconds.
  path: Assets/Settings/DefaultVolumeProfile.asset
  artifactKey: Guid(ab09877e2e707104187f6f83e2f62510) Importer(815301076,1909f56bfc062723c751e8b465ee728b)
Start importing Assets/Settings/DefaultVolumeProfile.asset using Guid(ab09877e2e707104187f6f83e2f62510) Importer(815301076,1909f56bfc062723c751e8b465ee728b) (PreviewImporter) -> (artifact id: '10528149371aefc32227726816d72a59') in 0.0009135 seconds
Number of updated asset objects reloaded before import = 0Number of asset objects unloaded after import = 0

========================================================================
Received Import Request.
  Time since last request: 0.010149 seconds.
  path: Assets/Settings/Mobile_Renderer.asset
  artifactKey: Guid(65bc7dbf4170f435aa868c779acfb082) Importer(815301076,1909f56bfc062723c751e8b465ee728b)
Start importing Assets/Settings/Mobile_Renderer.asset using Guid(65bc7dbf4170f435aa868c779acfb082) Importer(815301076,1909f56bfc062723c751e8b465ee728b) (PreviewImporter) -> (artifact id: 'd246be45d650b496251a8b2536b3002f') in 0.0009855 seconds
Number of updated asset objects reloaded before import = 0Number of asset objects unloaded after import = 1

========================================================================
Received Import Request.
  Time since last request: 0.000015 seconds.
  path: Assets/Settings/Mobile_RPAsset.asset
  artifactKey: Guid(5e6cbd92db86f4b18aec3ed561671858) Importer(815301076,1909f56bfc062723c751e8b465ee728b)
Start importing Assets/Settings/Mobile_RPAsset.asset using Guid(5e6cbd92db86f4b18aec3ed561671858) Importer(815301076,1909f56bfc062723c751e8b465ee728b) (PreviewImporter) -> (artifact id: '3178b500f75bb8e943d8438cfcdcf1b7') in 0.001119 seconds
Number of updated asset objects reloaded before import = 0Number of asset objects unloaded after import = 2

========================================================================
Received Import Request.
  Time since last request: 0.000015 seconds.
  path: Assets/Settings/PC_RPAsset.asset
  artifactKey: Guid(4b83569d67af61e458304325a23e5dfd) Importer(815301076,1909f56bfc062723c751e8b465ee728b)
Start importing Assets/Settings/PC_RPAsset.asset using Guid(4b83569d67af61e458304325a23e5dfd) Importer(815301076,1909f56bfc062723c751e8b465ee728b) (PreviewImporter) -> (artifact id: '1456ddb8e0d5ece8a62c24926bd7dff5') in 0.0005782 seconds
Number of updated asset objects reloaded before import = 0Number of asset objects unloaded after import = 0

========================================================================
Received Import Request.
  Time since last request: 12.435615 seconds.
  path: Assets/TutorialInfo/Layout.wlt
  artifactKey: Guid(eabc9546105bf4accac1fd62a63e88e6) Importer(815301076,1909f56bfc062723c751e8b465ee728b)
Start importing Assets/TutorialInfo/Layout.wlt using Guid(eabc9546105bf4accac1fd62a63e88e6) Importer(815301076,1909f56bfc062723c751e8b465ee728b) (PreviewImporter) -> (artifact id: 'f7926b6994d4862df7da56ccd587e180') in 0.0009366 seconds
Number of updated asset objects reloaded before import = 0Number of asset objects unloaded after import = 1

========================================================================
Received Import Request.
  Time since last request: 62.208765 seconds.
  path: Assets/POLYGON weapons/Assets_official/Equipment_assets/All_in_one_scopes.prefab
  artifactKey: Guid(5f79472d0cdb72c4b9d03e876f0cfd83) Importer(815301076,1909f56bfc062723c751e8b465ee728b)
Start importing Assets/POLYGON weapons/Assets_official/Equipment_assets/All_in_one_scopes.prefab using Guid(5f79472d0cdb72c4b9d03e876f0cfd83) Importer(815301076,1909f56bfc062723c751e8b465ee728b) (PreviewImporter) -> (artifact id: 'bc7f05769a9bf587f01858ceb5b525a4') in 0.0671859 seconds
Number of updated asset objects reloaded before import = 0Number of asset objects unloaded after import = 563

========================================================================
Received Import Request.
  Time since last request: 0.888400 seconds.
  path: Assets/POLYGON weapons/Assets_official/Equipment_assets/scope_c_prefab.prefab
  artifactKey: Guid(46215f485cc2c8943985f0fd31ba7a83) Importer(2089858483,b0f066a214c2f5e87bad3c948f4d605d)
Start importing Assets/POLYGON weapons/Assets_official/Equipment_assets/scope_c_prefab.prefab using Guid(46215f485cc2c8943985f0fd31ba7a83) Importer(2089858483,b0f066a214c2f5e87bad3c948f4d605d) (ScriptedImporter) -> (artifact id: '8623a6ee001f106925a90d5419f1845d') in 0.0118465 seconds
Number of updated asset objects reloaded before import = 0Number of asset objects unloaded after import = 30

========================================================================
Received Import Request.
  Time since last request: 201.119505 seconds.
  path: Assets/POLYGON weapons/Assets_official/Assault57_prefab.prefab
  artifactKey: Guid(4cc482e6e01b5b7449631984e78eb89f) Importer(815301076,1909f56bfc062723c751e8b465ee728b)
Start importing Assets/POLYGON weapons/Assets_official/Assault57_prefab.prefab using Guid(4cc482e6e01b5b7449631984e78eb89f) Importer(815301076,1909f56bfc062723c751e8b465ee728b) (PreviewImporter) -> (artifact id: '2ce21ccc5090cc81682e6516a51119dc') in 0.0641654 seconds
Number of updated asset objects reloaded before import = 0Number of asset objects unloaded after import = 839

========================================================================
Received Import Request.
  Time since last request: 0.000023 seconds.
  path: Assets/POLYGON weapons/Assets_official/ClusterSub_prefab.prefab
  artifactKey: Guid(213ba61a39049b148918fe3d92013e1c) Importer(815301076,1909f56bfc062723c751e8b465ee728b)
Start importing Assets/POLYGON weapons/Assets_official/ClusterSub_prefab.prefab using Guid(213ba61a39049b148918fe3d92013e1c) Importer(815301076,1909f56bfc062723c751e8b465ee728b) (PreviewImporter) -> (artifact id: 'f1541247d16e03afe7dd402eeb8347f0') in 0.1236717 seconds
Number of updated asset objects reloaded before import = 0Number of asset objects unloaded after import = 834

========================================================================
Received Import Request.
  Time since last request: 0.000029 seconds.
  path: Assets/POLYGON weapons/Assets_official/Submachine5_prefab.prefab
  artifactKey: Guid(786f74e78fc744741b6af641ba079d59) Importer(815301076,1909f56bfc062723c751e8b465ee728b)
Start importing Assets/POLYGON weapons/Assets_official/Submachine5_prefab.prefab using Guid(786f74e78fc744741b6af641ba079d59) Importer(815301076,1909f56bfc062723c751e8b465ee728b) (PreviewImporter) -> (artifact id: 'a905f37932b560a0ec94cac919d27b52') in 0.0638548 seconds
Number of updated asset objects reloaded before import = 0Number of asset objects unloaded after import = 829

========================================================================
Received Import Request.
  Time since last request: 0.000028 seconds.
  path: Assets/POLYGON weapons/Assets_official/RP9_prefab.prefab
  artifactKey: Guid(e59fe41cdd642644d89924458332f3a2) Importer(815301076,1909f56bfc062723c751e8b465ee728b)
Start importing Assets/POLYGON weapons/Assets_official/RP9_prefab.prefab using Guid(e59fe41cdd642644d89924458332f3a2) Importer(815301076,1909f56bfc062723c751e8b465ee728b) (PreviewImporter) -> (artifact id: '6f812647d70a4b8b7825a0a449a38065') in 0.0290683 seconds
Number of updated asset objects reloaded before import = 0Number of asset objects unloaded after import = 848

========================================================================
Received Import Request.
  Time since last request: 0.000021 seconds.
  path: Assets/POLYGON weapons/Assets_official/sce5_prefab.prefab
  artifactKey: Guid(8cb9b80072c93494f9fdd212ecabff43) Importer(815301076,1909f56bfc062723c751e8b465ee728b)
Start importing Assets/POLYGON weapons/Assets_official/sce5_prefab.prefab using Guid(8cb9b80072c93494f9fdd212ecabff43) Importer(815301076,1909f56bfc062723c751e8b465ee728b) (PreviewImporter) -> (artifact id: 'c01304db48044f37245aaa0018af896b') in 0.0323008 seconds
Number of updated asset objects reloaded before import = 0Number of asset objects unloaded after import = 846

========================================================================
Received Import Request.
  Time since last request: 0.000025 seconds.
  path: Assets/POLYGON weapons/Assets_official/pumpgun_a_prefab.prefab
  artifactKey: Guid(fd137f48dee1dd446a59966078b4b772) Importer(815301076,1909f56bfc062723c751e8b465ee728b)
Start importing Assets/POLYGON weapons/Assets_official/pumpgun_a_prefab.prefab using Guid(fd137f48dee1dd446a59966078b4b772) Importer(815301076,1909f56bfc062723c751e8b465ee728b) (PreviewImporter) -> (artifact id: '0b4eb2b671f67a1bf4bed6d943c9ccb7') in 0.0272349 seconds
Number of updated asset objects reloaded before import = 0Number of asset objects unloaded after import = 803

========================================================================
Received Import Request.
  Time since last request: 29.695688 seconds.
  path: Assets/POLYGON weapons/Assets_official/FBXTexMat/POLYGON weapons pack/tarusk/tarusk_a.mat
  artifactKey: Guid(a7821ece83139ee429be07d714666fc6) Importer(815301076,1909f56bfc062723c751e8b465ee728b)
Start importing Assets/POLYGON weapons/Assets_official/FBXTexMat/POLYGON weapons pack/tarusk/tarusk_a.mat using Guid(a7821ece83139ee429be07d714666fc6) Importer(815301076,1909f56bfc062723c751e8b465ee728b) (PreviewImporter) -> (artifact id: '202e82fa7d1c6abc7e6812d3a288339b') in 0.0107731 seconds
Number of updated asset objects reloaded before import = 0Number of asset objects unloaded after import = 2

========================================================================
Received Import Request.
  Time since last request: 0.000027 seconds.
  path: Assets/POLYGON weapons/Assets_official/FBXTexMat/POLYGON weapons pack/tarusk/tarusk_d.png
  artifactKey: Guid(9185ab16ea0d19f44a3197e76b1eab08) Importer(815301076,1909f56bfc062723c751e8b465ee728b)
Start importing Assets/POLYGON weapons/Assets_official/FBXTexMat/POLYGON weapons pack/tarusk/tarusk_d.png using Guid(9185ab16ea0d19f44a3197e76b1eab08) Importer(815301076,1909f56bfc062723c751e8b465ee728b) (PreviewImporter) -> (artifact id: '84bb9ca065eca75b1b75c20ad0f58cb2') in 0.0166005 seconds
Number of updated asset objects reloaded before import = 0Number of asset objects unloaded after import = 2

========================================================================
Received Import Request.
  Time since last request: 0.000029 seconds.
  path: Assets/POLYGON weapons/Assets_official/FBXTexMat/POLYGON weapons pack/tarusk/tarusk_d.mat
  artifactKey: Guid(333adfdd4f8338f438f9cf43abd1fe2d) Importer(815301076,1909f56bfc062723c751e8b465ee728b)
Start importing Assets/POLYGON weapons/Assets_official/FBXTexMat/POLYGON weapons pack/tarusk/tarusk_d.mat using Guid(333adfdd4f8338f438f9cf43abd1fe2d) Importer(815301076,1909f56bfc062723c751e8b465ee728b) (PreviewImporter) -> (artifact id: 'bc4ef907fdab310932734d1efd0f18c9') in 0.0108844 seconds
Number of updated asset objects reloaded before import = 0Number of asset objects unloaded after import = 2

========================================================================
Received Import Request.
  Time since last request: 5.151757 seconds.
  path: Assets/POLYGON weapons/Assets_official/FBXTexMat/POLYGON weapons pack/tarusk/Materials/tarusk_a.mat
  artifactKey: Guid(63c3c415ed9f0114cbe482f46f5d58d1) Importer(2089858483,b0f066a214c2f5e87bad3c948f4d605d)
Start importing Assets/POLYGON weapons/Assets_official/FBXTexMat/POLYGON weapons pack/tarusk/Materials/tarusk_a.mat using Guid(63c3c415ed9f0114cbe482f46f5d58d1) Importer(2089858483,b0f066a214c2f5e87bad3c948f4d605d) (ScriptedImporter) -> (artifact id: '9311ba1ae82e2c08b485868336b2e612') in 0.0073323 seconds
Number of updated asset objects reloaded before import = 0Number of asset objects unloaded after import = 2

========================================================================
Received Import Request.
  Time since last request: 13.424660 seconds.
  path: Assets/POLYGON weapons/Assets_official/FBXTexMat/POLYGON weapons pack/Submachine5/Submachine5.mat
  artifactKey: Guid(3b051babefd346148aa59fb26e03be83) Importer(815301076,1909f56bfc062723c751e8b465ee728b)
Start importing Assets/POLYGON weapons/Assets_official/FBXTexMat/POLYGON weapons pack/Submachine5/Submachine5.mat using Guid(3b051babefd346148aa59fb26e03be83) Importer(815301076,1909f56bfc062723c751e8b465ee728b) (PreviewImporter) -> (artifact id: '2508b5b9b1b894eebf1bd1bb14cc97bc') in 0.1735992 seconds
Number of updated asset objects reloaded before import = 0Number of asset objects unloaded after import = 2

========================================================================
Received Import Request.
  Time since last request: 1155.637426 seconds.
  path: Assets/POLYGON weapons/Assets_official/FBXTexMat/POLYGON weapons pack/Blast_set/Materials/Blast_set.mat
  artifactKey: Guid(ba73b95d1dc84ea4686c92be2453a665) Importer(2089858483,b0f066a214c2f5e87bad3c948f4d605d)
Start importing Assets/POLYGON weapons/Assets_official/FBXTexMat/POLYGON weapons pack/Blast_set/Materials/Blast_set.mat using Guid(ba73b95d1dc84ea4686c92be2453a665) Importer(2089858483,b0f066a214c2f5e87bad3c948f4d605d) (ScriptedImporter) -> (artifact id: '5ae71931859d528b63dd0216a04d8edd') in 0.0117791 seconds
Number of updated asset objects reloaded before import = 0Number of asset objects unloaded after import = 2

========================================================================
Received Import Request.
  Time since last request: 163.687210 seconds.
  path: Assets/TextMesh Pro/Shaders/TMP_SDF-HDRP LIT.shadergraph
  artifactKey: Guid(ca2ed216f98028c4dae6c5224a952b3c) Importer(2089858483,b0f066a214c2f5e87bad3c948f4d605d)
Start importing Assets/TextMesh Pro/Shaders/TMP_SDF-HDRP LIT.shadergraph using Guid(ca2ed216f98028c4dae6c5224a952b3c) Importer(2089858483,b0f066a214c2f5e87bad3c948f4d605d) (ScriptedImporter) -> (artifact id: '9cc7b08b50bb8e30a04b39818fb61d56') in 0.0670012 seconds
Number of updated asset objects reloaded before import = 0Number of asset objects unloaded after import = 3

========================================================================
Received Import Request.
  Time since last request: 0.000046 seconds.
  path: Assets/TextMesh Pro/Shaders/TMP_SDF-Surface.shader
  artifactKey: Guid(f7ada0af4f174f0694ca6a487b8f543d) Importer(2089858483,b0f066a214c2f5e87bad3c948f4d605d)
Start importing Assets/TextMesh Pro/Shaders/TMP_SDF-Surface.shader using Guid(f7ada0af4f174f0694ca6a487b8f543d) Importer(2089858483,b0f066a214c2f5e87bad3c948f4d605d) (ScriptedImporter) -> (artifact id: '9b1a7372a91ec0d1236134d760b27adc') in 0.0113023 seconds
Number of updated asset objects reloaded before import = 0Number of asset objects unloaded after import = 1

========================================================================
Received Import Request.
  Time since last request: 0.000038 seconds.
  path: Assets/TextMesh Pro
  artifactKey: Guid(f54d1bd14bd3ca042bd867b519fee8cc) Importer(2089858483,b0f066a214c2f5e87bad3c948f4d605d)
Start importing Assets/TextMesh Pro using Guid(f54d1bd14bd3ca042bd867b519fee8cc) Importer(2089858483,b0f066a214c2f5e87bad3c948f4d605d) (ScriptedImporter) -> (artifact id: 'd5edee52e9925cff8dfe39c6dc22f2a6') in 0.0085848 seconds
Number of updated asset objects reloaded before import = 0Number of asset objects unloaded after import = 1

========================================================================
Received Import Request.
  Time since last request: 0.000022 seconds.
  path: Assets/TextMesh Pro/Resources
  artifactKey: Guid(243e06394e614e5d99fab26083b707fa) Importer(2089858483,b0f066a214c2f5e87bad3c948f4d605d)
Start importing Assets/TextMesh Pro/Resources using Guid(243e06394e614e5d99fab26083b707fa) Importer(2089858483,b0f066a214c2f5e87bad3c948f4d605d) (ScriptedImporter) -> (artifact id: '0bab09265a965c979c957fa54ebe3c2c') in 0.008225 seconds
Number of updated asset objects reloaded before import = 0Number of asset objects unloaded after import = 1

========================================================================
Received Import Request.
  Time since last request: 0.000018 seconds.
  path: Assets/TextMesh Pro/Shaders/TMP_SDF-URP Lit.shadergraph
  artifactKey: Guid(a3d800b099a06e0478fb790c5e79057a) Importer(2089858483,b0f066a214c2f5e87bad3c948f4d605d)
Start importing Assets/TextMesh Pro/Shaders/TMP_SDF-URP Lit.shadergraph using Guid(a3d800b099a06e0478fb790c5e79057a) Importer(2089858483,b0f066a214c2f5e87bad3c948f4d605d) (ScriptedImporter) -> (artifact id: 'f00b1afd138932e51d773c1716f8022e') in 0.1953538 seconds
Number of updated asset objects reloaded before import = 0Number of asset objects unloaded after import = 4

========================================================================
Received Import Request.
  Time since last request: 0.000030 seconds.
  path: Assets/TextMesh Pro/Shaders/TMP_SDF-Mobile.shader
  artifactKey: Guid(fe393ace9b354375a9cb14cdbbc28be4) Importer(2089858483,b0f066a214c2f5e87bad3c948f4d605d)
Start importing Assets/TextMesh Pro/Shaders/TMP_SDF-Mobile.shader using Guid(fe393ace9b354375a9cb14cdbbc28be4) Importer(2089858483,b0f066a214c2f5e87bad3c948f4d605d) (ScriptedImporter) -> (artifact id: 'cebcd5127b868d0f162685656e285e36') in 0.0105294 seconds
Number of updated asset objects reloaded before import = 0Number of asset objects unloaded after import = 1

========================================================================
Received Import Request.
  Time since last request: 0.000026 seconds.
  path: Assets/TextMesh Pro/Shaders/TMP_SDF-URP Unlit.shadergraph
  artifactKey: Guid(124c112a6e8f1a54e8b0870e881b56d8) Importer(2089858483,b0f066a214c2f5e87bad3c948f4d605d)
Start importing Assets/TextMesh Pro/Shaders/TMP_SDF-URP Unlit.shadergraph using Guid(124c112a6e8f1a54e8b0870e881b56d8) Importer(2089858483,b0f066a214c2f5e87bad3c948f4d605d) (ScriptedImporter) -> (artifact id: '96aa709a41e86cf25b23d3bcb24ba30c') in 0.1578294 seconds
Number of updated asset objects reloaded before import = 0Number of asset objects unloaded after import = 4

========================================================================
Received Import Request.
  Time since last request: 0.000033 seconds.
  path: Assets/TextMesh Pro/Fonts/LiberationSans - OFL.txt
  artifactKey: Guid(6e59c59b81ab47f9b6ec5781fa725d2c) Importer(2089858483,b0f066a214c2f5e87bad3c948f4d605d)
Start importing Assets/TextMesh Pro/Fonts/LiberationSans - OFL.txt using Guid(6e59c59b81ab47f9b6ec5781fa725d2c) Importer(2089858483,b0f066a214c2f5e87bad3c948f4d605d) (ScriptedImporter) -> (artifact id: '29464d0a9b7d90584f0d60493e7fcdcf') in 0.008742 seconds
Number of updated asset objects reloaded before import = 0Number of asset objects unloaded after import = 1

========================================================================
Received Import Request.
  Time since last request: 0.000021 seconds.
  path: Assets/TextMesh Pro/Shaders/TMP_SDF-Mobile Masking.shader
  artifactKey: Guid(bc1ede39bf3643ee8e493720e4259791) Importer(2089858483,b0f066a214c2f5e87bad3c948f4d605d)
Start importing Assets/TextMesh Pro/Shaders/TMP_SDF-Mobile Masking.shader using Guid(bc1ede39bf3643ee8e493720e4259791) Importer(2089858483,b0f066a214c2f5e87bad3c948f4d605d) (ScriptedImporter) -> (artifact id: '48a10f167b842b6bb5ec2c574db31b9d') in 0.0103257 seconds
Number of updated asset objects reloaded before import = 0Number of asset objects unloaded after import = 1

========================================================================
Received Import Request.
  Time since last request: 0.000026 seconds.
  path: Assets/TextMesh Pro/Shaders/TMP_SDF-Mobile-2-Pass.shader
  artifactKey: Guid(0178fcb869bafef4690d177d31d17db8) Importer(2089858483,b0f066a214c2f5e87bad3c948f4d605d)
Start importing Assets/TextMesh Pro/Shaders/TMP_SDF-Mobile-2-Pass.shader using Guid(0178fcb869bafef4690d177d31d17db8) Importer(2089858483,b0f066a214c2f5e87bad3c948f4d605d) (ScriptedImporter) -> (artifact id: '3895896e2b902f5a889dcf82433bd808') in 0.0097419 seconds
Number of updated asset objects reloaded before import = 0Number of asset objects unloaded after import = 1

========================================================================
Received Import Request.
  Time since last request: 0.000022 seconds.
  path: Assets/TextMesh Pro/Shaders/TMP_Sprite.shader
  artifactKey: Guid(cf81c85f95fe47e1a27f6ae460cf182c) Importer(2089858483,b0f066a214c2f5e87bad3c948f4d605d)
Start importing Assets/TextMesh Pro/Shaders/TMP_Sprite.shader using Guid(cf81c85f95fe47e1a27f6ae460cf182c) Importer(2089858483,b0f066a214c2f5e87bad3c948f4d605d) (ScriptedImporter) -> (artifact id: '25eb4d4de0e8ad65e75089e778f4acd5') in 0.0107321 seconds
Number of updated asset objects reloaded before import = 0Number of asset objects unloaded after import = 1

========================================================================
Received Import Request.
  Time since last request: 0.000019 seconds.
  path: Assets/TextMesh Pro/Shaders/TMP_Bitmap-Mobile.shader
  artifactKey: Guid(1e3b057af24249748ff873be7fafee47) Importer(2089858483,b0f066a214c2f5e87bad3c948f4d605d)
Start importing Assets/TextMesh Pro/Shaders/TMP_Bitmap-Mobile.shader using Guid(1e3b057af24249748ff873be7fafee47) Importer(2089858483,b0f066a214c2f5e87bad3c948f4d605d) (ScriptedImporter) -> (artifact id: 'e36c3c1f301c5b48d1148262142588a5') in 0.0108268 seconds
Number of updated asset objects reloaded before import = 0Number of asset objects unloaded after import = 1

========================================================================
Received Import Request.
  Time since last request: 0.000017 seconds.
  path: Assets/TextMesh Pro/Shaders/TMPro.cginc
  artifactKey: Guid(407bc68d299748449bbf7f48ee690f8d) Importer(2089858483,b0f066a214c2f5e87bad3c948f4d605d)
Start importing Assets/TextMesh Pro/Shaders/TMPro.cginc using Guid(407bc68d299748449bbf7f48ee690f8d) Importer(2089858483,b0f066a214c2f5e87bad3c948f4d605d) (ScriptedImporter) -> (artifact id: 'a4cfc8a54c8c52153b761ab384fdb87f') in 0.0080426 seconds
Number of updated asset objects reloaded before import = 0Number of asset objects unloaded after import = 1

========================================================================
Received Import Request.
  Time since last request: 0.000018 seconds.
  path: Assets/TextMesh Pro/Shaders/TMP_SDF Overlay.shader
  artifactKey: Guid(dd89cf5b9246416f84610a006f916af7) Importer(2089858483,b0f066a214c2f5e87bad3c948f4d605d)
Start importing Assets/TextMesh Pro/Shaders/TMP_SDF Overlay.shader using Guid(dd89cf5b9246416f84610a006f916af7) Importer(2089858483,b0f066a214c2f5e87bad3c948f4d605d) (ScriptedImporter)Shader 'TextMeshPro/Distance Field Overlay': fallback shader 'TextMeshPro/Mobile/Distance Field' not found
 -> (artifact id: '046ce888c6a6058cd501a6ae87ad99e3') in 0.0098269 seconds
Number of updated asset objects reloaded before import = 0Number of asset objects unloaded after import = 1

========================================================================
Received Import Request.
  Time since last request: 0.000020 seconds.
  path: Assets/TextMesh Pro/Resources/Sprite Assets/EmojiOne.asset
  artifactKey: Guid(c41005c129ba4d66911b75229fd70b45) Importer(2089858483,b0f066a214c2f5e87bad3c948f4d605d)
Start importing Assets/TextMesh Pro/Resources/Sprite Assets/EmojiOne.asset using Guid(c41005c129ba4d66911b75229fd70b45) Importer(2089858483,b0f066a214c2f5e87bad3c948f4d605d) (ScriptedImporter) -> (artifact id: '25b261426ba6b76578f0148f3d6f2511') in 0.0128145 seconds
Number of updated asset objects reloaded before import = 0Number of asset objects unloaded after import = 4

========================================================================
Received Import Request.
  Time since last request: 0.000022 seconds.
  path: Assets/TextMesh Pro/Shaders/TMP_Bitmap.shader
  artifactKey: Guid(128e987d567d4e2c824d754223b3f3b0) Importer(2089858483,b0f066a214c2f5e87bad3c948f4d605d)
Start importing Assets/TextMesh Pro/Shaders/TMP_Bitmap.shader using Guid(128e987d567d4e2c824d754223b3f3b0) Importer(2089858483,b0f066a214c2f5e87bad3c948f4d605d) (ScriptedImporter) -> (artifact id: '2b4ff07dbdfd79e5e87ee7b91a4dd646') in 0.0088045 seconds
Number of updated asset objects reloaded before import = 0Number of asset objects unloaded after import = 1

========================================================================
Received Import Request.
  Time since last request: 0.000038 seconds.
  path: Assets/TextMesh Pro/Shaders
  artifactKey: Guid(e9f693669af91aa45ad615fc681ed29f) Importer(2089858483,b0f066a214c2f5e87bad3c948f4d605d)
Start importing Assets/TextMesh Pro/Shaders using Guid(e9f693669af91aa45ad615fc681ed29f) Importer(2089858483,b0f066a214c2f5e87bad3c948f4d605d) (ScriptedImporter) -> (artifact id: 'b4d72f6baf094d1e78f0ddc7504279f5') in 0.0084296 seconds
Number of updated asset objects reloaded before import = 0Number of asset objects unloaded after import = 1

========================================================================
Received Import Request.
  Time since last request: 0.000019 seconds.
  path: Assets/TextMesh Pro/Resources/Fonts & Materials/LiberationSans SDF - Fallback.asset
  artifactKey: Guid(2e498d1c8094910479dc3e1b768306a4) Importer(2089858483,b0f066a214c2f5e87bad3c948f4d605d)
Start importing Assets/TextMesh Pro/Resources/Fonts & Materials/LiberationSans SDF - Fallback.asset using Guid(2e498d1c8094910479dc3e1b768306a4) Importer(2089858483,b0f066a214c2f5e87bad3c948f4d605d) (ScriptedImporter) -> (artifact id: '11054ed5325b5b04cfe11d6935f48c84') in 0.0206387 seconds
Number of updated asset objects reloaded before import = 0Number of asset objects unloaded after import = 6

========================================================================
Received Import Request.
  Time since last request: 0.000022 seconds.
  path: Assets/TextMesh Pro/Resources/Style Sheets/Default Style Sheet.asset
  artifactKey: Guid(f952c082cb03451daed3ee968ac6c63e) Importer(2089858483,b0f066a214c2f5e87bad3c948f4d605d)
Start importing Assets/TextMesh Pro/Resources/Style Sheets/Default Style Sheet.asset using Guid(f952c082cb03451daed3ee968ac6c63e) Importer(2089858483,b0f066a214c2f5e87bad3c948f4d605d) (ScriptedImporter) -> (artifact id: '310376ce0e659202500602d9cb11d233') in 0.0097901 seconds
Number of updated asset objects reloaded before import = 0Number of asset objects unloaded after import = 1

Editor requested this worker to shutdown with reason: Scaling down because of idle timeout
AssetImportWorker is now disconnected from the server
Process exiting
Exiting without the bug reporter. Application will terminate with return code 0